seq_num,timestamp_ms,ecg_val,resp_val,spo2_val,temp_val,fault_status
0,0.0,0.7254772105499813,0.35386211737418743,98.0,37.0,CLEAN
1,8.0,0.6705965828174644,0.3567918942838832,98.0,37.0,CLEAN
2,16.0,0.60980855901558,0.358745078890347,98.0,37.0,CLEAN
3,24.0,0.5509794644802216,0.3616748558000427,98.0,37.0,CLEAN
4,32.0,0.4999860870109672,0.36364329966124453,98.0,37.0,CLEAN
5,40.0,0.45490010561108013,0.36559648426770835,98.0,37.0,CLEAN
6,48.0,0.4098141242111931,0.3665730765709403,98.0,37.0,CLEAN
7,56.0,0.39019422327614384,0.3685262611774041,98.0,37.0,CLEAN
8,64.0,0.374522789143936,0.3685262611774041,98.0,37.0,CLEAN
9,72.0,0.3588207467419387,0.3685262611774041,98.0,37.0,CLEAN
10,80.0,0.3549028882088867,0.3685262611774041,98.0,37.0,CLEAN
11,88.0,0.34902610040930876,0.3675496688741722,98.0,37.0,CLEAN
12,96.0,0.3549028882088867,0.3665730765709403,98.0,37.0,CLEAN
13,104.0,0.3646975345415166,0.36559648426770835,98.0,37.0,CLEAN
14,112.0,0.3549028882088867,0.3616748558000427,98.0,37.0,CLEAN
15,120.0,0.3646975345415166,0.358745078890347,98.0,37.0,CLEAN
16,128.0,0.374522789143936,0.35288552507095555,98.0,37.0,CLEAN
17,136.0,0.37057432234109455,0.3470259712515641,98.0,37.0,CLEAN
18,144.0,0.39019422327614384,0.34115115817743463,98.0,37.0,CLEAN
19,152.0,0.39019422327614384,0.33431501205481123,98.0,37.0,CLEAN
20,160.0,0.39019422327614384,0.3274636066774499,98.0,37.0,CLEAN
21,168.0,0.3941120818091958,0.32160405285805843,98.0,37.0,CLEAN
22,176.0,0.4039067281418257,0.31182287057100133,98.0,37.0,CLEAN
23,184.0,0.4039067281418257,0.3030335398419141,98.0,37.0,CLEAN
24,192.0,0.3999888696087737,0.29227576525162513,98.0,37.0,CLEAN
25,200.0,0.3941120818091958,0.2815179906613361,98.0,37.0,CLEAN
26,208.0,0.3843174354765659,0.2688222907193213,98.0,37.0,CLEAN
27,216.0,0.3843174354765659,0.25611133152256843,98.0,37.0,CLEAN
28,224.0,0.38039957694351395,0.2424237800225837,98.0,37.0,CLEAN
29,232.0,0.39019422327614384,0.22873622852259895,98.0,37.0,CLEAN
30,240.0,0.4039067281418257,0.21799371318704794,98.0,37.0,CLEAN
31,248.0,0.419608770543823,0.20625934629352702,98.0,37.0,CLEAN
32,256.0,0.419608770543823,0.19647816400646992,98.0,37.0,CLEAN
33,264.0,0.42548555834340096,0.18768883327738273,98.0,37.0,CLEAN
34,272.0,0.42548555834340096,0.17790765099032563,98.0,37.0,CLEAN
35,280.0,0.3999888696087737,0.16910306100650044,98.0,37.0,CLEAN
36,288.0,0.39019422327614384,0.16129032258064516,98.0,37.0,CLEAN
37,296.0,0.4039067281418257,0.15347758415478988,98.0,37.0,CLEAN
38,304.0,0.419608770543823,0.1466261787774285,98.0,37.0,CLEAN
39,312.0,0.42940341687645295,0.14076662495803705,98.0,37.0,CLEAN
40,320.0,0.4352802046760309,0.1368449964903714,98.0,37.0,CLEAN
41,328.0,0.42940341687645295,0.13293862727744377,98.0,37.0,CLEAN
42,336.0,0.4156909120107711,0.13000885036774804,98.0,37.0,CLEAN
43,344.0,0.4098141242111931,0.1261024811548204,98.0,37.0,CLEAN
44,352.0,0.4156909120107711,0.12414929654835657,98.0,37.0,CLEAN
45,360.0,0.419608770543823,0.12121951963866084,98.0,37.0,CLEAN
46,368.0,0.4039067281418257,0.11925107577745903,98.0,37.0,CLEAN
47,376.0,0.34902610040930876,0.1163212988677633,98.0,37.0,CLEAN
48,384.0,0.654894540415467,0.11436811426129947,98.0,37.0,CLEAN
49,392.0,1.503906727835743,0.11241492965483565,98.0,37.0,CLEAN
50,400.0,1.503906727835743,0.11046174504837183,98.0,37.0,CLEAN
51,408.0,1.503906727835743,0.10850856044190801,98.0,37.0,CLEAN
52,416.0,0.6607713282150449,0.1065553758354442,98.0,37.0,CLEAN
53,424.0,0.42940341687645295,0.10557878353221228,98.0,37.0,CLEAN
54,432.0,0.419608770543823,0.10165715506454664,98.0,37.0,CLEAN
55,440.0,0.4039067281418257,0.09872737815485091,98.0,37.0,CLEAN
56,448.0,0.3843174354765659,0.09482100894192327,98.0,37.0,CLEAN
57,456.0,0.34902610040930876,0.08993804742576372,98.0,37.0,CLEAN
58,464.0,0.3392008458068894,0.08601641895809808,98.0,37.0,CLEAN
59,472.0,0.3549028882088867,0.08211004974517044,98.0,37.0,CLEAN
60,480.0,0.38039957694351395,0.0782036805322428,98.0,37.0,CLEAN
61,488.0,0.38039957694351395,0.07527390362254707,98.0,37.0,CLEAN
62,496.0,0.39019422327614384,0.07037568285164952,98.0,37.0,CLEAN
63,504.0,0.4039067281418257,0.06549272133548997,98.0,37.0,CLEAN
64,512.0,0.3941120818091958,0.06060975981933042,98.0,37.0,CLEAN
65,520.0,0.4039067281418257,0.05473494674520096,98.0,37.0,CLEAN
66,528.0,0.42940341687645295,0.0488753929258095,98.0,37.0,CLEAN
67,536.0,0.4352802046760309,0.04399243140964995,98.0,37.0,CLEAN
68,544.0,0.4392286714788723,0.03811761833552049,98.0,37.0,CLEAN
69,552.0,0.4607768934106581,0.03323465681936094,98.0,37.0,CLEAN
70,560.0,0.48431465287875936,0.02835169530320139,98.0,37.0,CLEAN
71,568.0,0.5156881294129645,0.02444532609027375,98.0,37.0,CLEAN
72,576.0,0.5509794644802216,0.02247688222907193,98.0,37.0,CLEAN
73,584.0,0.605890700482528,0.0195471053193762,98.0,37.0,CLEAN
74,592.0,0.654894540415467,0.0195471053193762,98.0,37.0,CLEAN
75,600.0,0.6960932715520916,0.01857051301614429,98.0,37.0,CLEAN
76,608.0,0.7254772105499813,0.0195471053193762,98.0,37.0,CLEAN
77,616.0,0.7411792529519786,0.02150028992584002,98.0,37.0,CLEAN
78,624.0,0.7509738992846084,0.023453474532303842,98.0,37.0,CLEAN
79,632.0,0.7411792529519786,0.02639851069673757,98.0,37.0,CLEAN
80,640.0,0.7156825642173513,0.03030487990966521,98.0,37.0,CLEAN
81,648.0,0.6647197950178864,0.03518784142582476,98.0,37.0,CLEAN
82,656.0,0.605890700482528,0.04203924680318613,98.0,37.0,CLEAN
83,664.0,0.5451026766806437,0.04985198522904141,98.0,37.0,CLEAN
84,672.0,0.4745200065461294,0.06060975981933042,98.0,37.0,CLEAN
85,680.0,0.42940341687645295,0.07037568285164952,98.0,37.0,CLEAN
86,688.0,0.3843174354765659,0.08211004974517044,98.0,37.0,CLEAN
87,696.0,0.3451082418762568,0.09482100894192327,98.0,37.0,CLEAN
88,704.0,0.3196115531416296,0.1075319681386761,98.0,37.0,CLEAN
89,712.0,0.3098169068089997,0.12121951963866084,98.0,37.0,CLEAN
90,720.0,0.3098169068089997,0.13391521958067568,98.0,37.0,CLEAN
91,728.0,0.3098169068089997,0.1466261787774285,98.0,37.0,CLEAN
92,736.0,0.3039095107396323,0.15933713797418134,98.0,37.0,CLEAN
93,744.0,0.29411486440700235,0.17107150486770226,98.0,37.0,CLEAN
94,752.0,0.2999916522065803,0.184743797112949,98.0,37.0,CLEAN
95,760.0,0.3294061994742595,0.19745475630970183,98.0,37.0,CLEAN
96,768.0,0.3294061994742595,0.21114230780968657,98.0,37.0,CLEAN
97,776.0,0.3235294116746816,0.22580645161290322,98.0,37.0,CLEAN
98,784.0,0.3392008458068894,0.23754081850642414,98.0,37.0,CLEAN
99,792.0,0.3294061994742595,0.25025177770317697,98.0,37.0,CLEAN
100,800.0,0.33528298727383743,0.2619708853419599,98.0,37.0,CLEAN
101,808.0,0.3392008458068894,0.2737052522354808,98.0,37.0,CLEAN
102,816.0,0.3392008458068894,0.28446302682576985,98.0,37.0,CLEAN
103,824.0,0.3392008458068894,0.29520554216132083,98.0,37.0,CLEAN
104,832.0,0.3392008458068894,0.30596331675160987,98.0,37.0,CLEAN
105,840.0,0.33528298727383743,0.31672109134189885,98.0,37.0,CLEAN
106,848.0,0.3294061994742595,0.3284401989806818,98.0,37.0,CLEAN
107,856.0,0.3196115531416296,0.3401745658742027,98.0,37.0,CLEAN
108,864.0,0.3294061994742595,0.3519089327677236,98.0,37.0,CLEAN
109,872.0,0.33528298727383743,0.36364329966124453,98.0,37.0,CLEAN
110,880.0,0.3392008458068894,0.3743858149967956,98.0,37.0,CLEAN
111,888.0,0.3549028882088867,0.38514358958708456,98.0,37.0,CLEAN
112,896.0,0.3646975345415166,0.3939329203161718,98.0,37.0,CLEAN
113,904.0,0.3451082418762568,0.4037141026032289,98.0,37.0,CLEAN
114,912.0,0.33528298727383743,0.41447187719351786,98.0,37.0,CLEAN
115,920.0,0.31373476534205164,0.4252143925290689,98.0,37.0,CLEAN
116,928.0,0.3098169068089997,0.4379253517258217,98.0,37.0,CLEAN
117,936.0,0.31373476534205164,0.4496597186193426,98.0,37.0,CLEAN
118,944.0,0.3294061994742595,0.46139408551286354,98.0,37.0,CLEAN
119,952.0,0.3196115531416296,0.47311319315164646,98.0,37.0,CLEAN
120,960.0,0.33528298727383743,0.4838709677419355,98.0,37.0,CLEAN
121,968.0,0.3098169068089997,0.4956053346354564,98.0,37.0,CLEAN
122,976.0,0.3098169068089997,0.5083162938322092,98.0,37.0,CLEAN
123,984.0,0.3039095107396323,0.521988586077456,98.0,37.0,CLEAN
124,992.0,0.3098169068089997,0.5356761375774407,98.0,37.0,CLEAN
125,1000.0,0.31373476534205164,0.5503402813806574,98.0,37.0,CLEAN
126,1008.0,0.2647003171393232,0.5669576097903378,98.0,37.0,CLEAN
127,1016.0,0.45490010561108013,0.5825983458967864,98.0,37.0,CLEAN
128,1024.0,1.2078329341622147,0.5992156743064668,98.0,37.0,CLEAN
129,1032.0,1.503906727835743,0.6168095950193793,98.0,37.0,CLEAN
130,1040.0,1.503906727835743,0.6324503311258278,98.0,37.0,CLEAN
131,1048.0,0.8255050362219641,0.6471144749290445,98.0,37.0,CLEAN
132,1056.0,0.33528298727383743,0.6617786187322611,98.0,37.0,CLEAN
133,1064.0,0.31373476534205164,0.6754661702322459,98.0,37.0,CLEAN
134,1072.0,0.33528298727383743,0.6901303140354625,98.0,37.0,CLEAN
135,1080.0,0.31373476534205164,0.7038178655354472,98.0,37.0,CLEAN
136,1088.0,0.3098169068089997,0.7184820093386639,98.0,37.0,CLEAN
137,1096.0,0.3039095107396323,0.7331308938871426,98.0,37.0,CLEAN
138,1104.0,0.3098169068089997,0.7468184453871273,98.0,37.0,CLEAN
139,1112.0,0.31373476534205164,0.7605059968871121,98.0,37.0,CLEAN
140,1120.0,0.3098169068089997,0.7732169560838649,98.0,37.0,CLEAN
141,1128.0,0.33528298727383743,0.7859279152806177,98.0,37.0,CLEAN
142,1136.0,0.33528298727383743,0.7986388744773705,98.0,37.0,CLEAN
143,1144.0,0.34902610040930876,0.8123111667226173,98.0,37.0,CLEAN
144,1152.0,0.3646975345415166,0.825998718222602,98.0,37.0,CLEAN
145,1160.0,0.374522789143936,0.8396862697225868,98.0,37.0,CLEAN
146,1168.0,0.4039067281418257,0.8543504135258034,98.0,37.0,CLEAN
147,1176.0,0.42548555834340096,0.869991149632252,98.0,37.0,CLEAN
148,1184.0,0.44902331781150223,0.8846552934354686,98.0,37.0,CLEAN
149,1192.0,0.48039679434570737,0.9002960295419171,98.0,37.0,CLEAN
150,1200.0,0.5156881294129645,0.9149601733451338,98.0,37.0,CLEAN
151,1208.0,0.5705993654152709,0.9286477248451186,98.0,37.0,CLEAN
152,1216.0,0.60980855901558,0.9413434247871334,98.0,37.0,CLEAN
153,1224.0,0.6764733706170423,0.9550309762871181,98.0,37.0,CLEAN
154,1232.0,0.7313846066193487,0.967741935483871,98.0,37.0,CLEAN
155,1240.0,0.7764705880192357,0.9814294869838557,98.0,37.0,CLEAN
156,1248.0,0.800008347487337,0.9911954100161748,98.0,37.0,CLEAN
157,1256.0,0.800008347487337,1.0,98.0,37.0,CLEAN
158,1264.0,0.800008347487337,1.0,98.0,37.0,CLEAN
159,1272.0,0.7764705880192357,1.0,98.0,37.0,CLEAN
160,1280.0,0.7156825642173513,1.0,98.0,37.0,CLEAN
161,1288.0,0.6509766818824151,1.0,98.0,37.0,CLEAN
162,1296.0,0.5843118702809528,1.0,98.0,37.0,CLEAN
163,1304.0,0.5058934830803345,1.0,98.0,37.0,CLEAN
164,1312.0,0.4352802046760309,1.0,98.0,37.0,CLEAN
165,1320.0,0.37057432234109455,1.0,98.0,37.0,CLEAN
166,1328.0,0.3294061994742595,1.0,98.0,37.0,CLEAN
167,1336.0,0.2901970058739504,1.0,98.0,37.0,CLEAN
168,1344.0,0.25882352933974523,1.0,98.0,37.0,CLEAN
169,1352.0,0.23920362840469597,1.0,98.0,37.0,CLEAN
170,1360.0,0.22940898207206606,1.0,98.0,37.0,CLEAN
171,1368.0,0.23920362840469597,1.0,98.0,37.0,CLEAN
172,1376.0,0.2549056708066933,1.0,98.0,37.0,CLEAN
173,1384.0,0.2647003171393232,1.0,98.0,37.0,CLEAN
174,1392.0,0.28432021807437247,1.0,98.0,37.0,CLEAN
175,1400.0,0.3039095107396323,1.0,98.0,37.0,CLEAN
176,1408.0,0.3294061994742595,1.0,98.0,37.0,CLEAN
177,1416.0,0.3451082418762568,1.0,98.0,37.0,CLEAN
178,1424.0,0.3549028882088867,1.0,98.0,37.0,CLEAN
179,1432.0,0.37057432234109455,1.0,98.0,37.0,CLEAN
180,1440.0,0.38039957694351395,1.0,98.0,37.0,CLEAN
181,1448.0,0.3843174354765659,1.0,98.0,37.0,CLEAN
182,1456.0,0.3941120818091958,1.0,98.0,37.0,CLEAN
183,1464.0,0.3843174354765659,1.0,98.0,37.0,CLEAN
184,1472.0,0.3843174354765659,1.0,98.0,37.0,CLEAN
185,1480.0,0.38039957694351395,1.0,98.0,37.0,CLEAN
186,1488.0,0.374522789143936,1.0,98.0,37.0,CLEAN
187,1496.0,0.37057432234109455,1.0,98.0,37.0,CLEAN
188,1504.0,0.3646975345415166,1.0,98.0,37.0,CLEAN
189,1512.0,0.3588207467419387,1.0,98.0,37.0,CLEAN
190,1520.0,0.374522789143936,1.0,98.0,37.0,CLEAN
191,1528.0,0.3843174354765659,1.0,98.0,37.0,CLEAN
192,1536.0,0.38039957694351395,1.0,98.0,37.0,CLEAN
193,1544.0,0.3588207467419387,1.0,98.0,37.0,CLEAN
194,1552.0,0.34902610040930876,1.0,98.0,37.0,CLEAN
195,1560.0,0.31373476534205164,1.0,98.0,37.0,CLEAN
196,1568.0,0.3098169068089997,1.0,98.0,37.0,CLEAN
197,1576.0,0.3196115531416296,1.0,98.0,37.0,CLEAN
198,1584.0,0.33528298727383743,1.0,98.0,37.0,CLEAN
199,1592.0,0.3392008458068894,1.0,98.0,37.0,CLEAN
200,1600.0,0.33528298727383743,1.0,98.0,37.0,CLEAN
201,1608.0,0.33528298727383743,1.0,98.0,37.0,CLEAN
202,1616.0,0.3235294116746816,1.0,98.0,37.0,CLEAN
203,1624.0,0.3294061994742595,1.0,98.0,37.0,CLEAN
204,1632.0,0.33528298727383743,0.989242225409711,98.0,37.0,CLEAN
205,1640.0,0.3451082418762568,0.9784997100741599,98.0,37.0,CLEAN
206,1648.0,0.2999916522065803,0.9589373455000457,98.0,37.0,CLEAN
207,1656.0,0.25882352933974523,0.9393902401806695,98.0,37.0,CLEAN
208,1664.0,0.7156825642173513,0.9188665425580614,98.0,37.0,CLEAN
209,1672.0,1.503906727835743,0.8983428449354534,98.0,37.0,CLEAN
210,1680.0,1.503906727835743,0.8787804803613392,98.0,37.0,CLEAN
211,1688.0,1.3784434299687118,0.859233375041963,98.0,37.0,CLEAN
212,1696.0,0.5196059879460164,0.8406628620258186,98.0,37.0,CLEAN
213,1704.0,0.4039067281418257,0.8230689413129063,98.0,37.0,CLEAN
214,1712.0,0.4098141242111931,0.8035218359935301,98.0,37.0,CLEAN
215,1720.0,0.37057432234109455,0.7849513229773858,98.0,37.0,CLEAN
216,1728.0,0.3549028882088867,0.7644123661000397,98.0,37.0,CLEAN
217,1736.0,0.33528298727383743,0.7448652607806635,98.0,37.0,CLEAN
218,1744.0,0.3549028882088867,0.7262947477645192,98.0,37.0,CLEAN
219,1752.0,0.37057432234109455,0.7077242347483749,98.0,37.0,CLEAN
220,1760.0,0.374522789143936,0.6911069063386944,98.0,37.0,CLEAN
221,1768.0,0.3646975345415166,0.673512985625782,98.0,37.0,CLEAN
222,1776.0,0.38039957694351395,0.6568956572161015,98.0,37.0,CLEAN
223,1784.0,0.38039957694351395,0.6393017365031892,98.0,37.0,CLEAN
224,1792.0,0.38039957694351395,0.6236610003967407,98.0,37.0,CLEAN
225,1800.0,0.3999888696087737,0.6070436719870601,98.0,37.0,CLEAN
226,1808.0,0.419608770543823,0.5923795281838435,98.0,37.0,CLEAN
227,1816.0,0.419608770543823,0.5777153843806269,98.0,37.0,CLEAN
228,1824.0,0.4607768934106581,0.5650044251838741,98.0,37.0,CLEAN
229,1832.0,0.4745200065461294,0.5522934659871211,98.0,37.0,CLEAN
230,1840.0,0.5058934830803345,0.5425275429548021,98.0,37.0,CLEAN
231,1848.0,0.5254827757455944,0.532746360667745,98.0,37.0,CLEAN
232,1856.0,0.5901886580805307,0.5249336222418897,98.0,37.0,CLEAN
233,1864.0,0.6196032053482099,0.5171056245612964,98.0,37.0,CLEAN
234,1872.0,0.6764733706170423,0.5102694784386731,98.0,37.0,CLEAN
235,1880.0,0.7215593520169293,0.5043946653645436,98.0,37.0,CLEAN
236,1888.0,0.7509738992846084,0.49951170384838406,98.0,37.0,CLEAN
237,1896.0,0.7764705880192357,0.4956053346354564,98.0,37.0,CLEAN
238,1904.0,0.7705938002196577,0.4916837061677908,98.0,37.0,CLEAN
239,1912.0,0.7705938002196577,0.48777733695486314,98.0,37.0,CLEAN
240,1920.0,0.7450971114850305,0.4848475600451674,98.0,37.0,CLEAN
241,1928.0,0.6901858754827241,0.4819177831354717,98.0,37.0,CLEAN
242,1936.0,0.6293978516808398,0.4789880062257759,98.0,37.0,CLEAN
243,1944.0,0.5646919693459035,0.4770348216193121,98.0,37.0,CLEAN
244,1952.0,0.5058934830803345,0.4750663777581103,98.0,37.0,CLEAN
245,1960.0,0.45490010561108013,0.47311319315164646,98.0,37.0,CLEAN
246,1968.0,0.4156909120107711,0.47116000854518264,98.0,37.0,CLEAN
247,1976.0,0.39019422327614384,0.47018341624195076,98.0,37.0,CLEAN
248,1984.0,0.3646975345415166,0.46823023163548694,98.0,37.0,CLEAN
249,1992.0,0.3451082418762568,0.467253639332255,98.0,37.0,CLEAN
250,2000.0,0.33528298727383743,0.4653004547257912,98.0,37.0,CLEAN
251,2008.0,0.3294061994742595,0.4643238624225593,98.0,37.0,CLEAN
252,2016.0,0.33528298727383743,0.46139408551286354,98.0,37.0,CLEAN
253,2024.0,0.3235294116746816,0.4594256416516617,98.0,37.0,CLEAN
254,2032.0,0.3392008458068894,0.456495864741966,98.0,37.0,CLEAN
255,2040.0,0.3588207467419387,0.45356608783227026,98.0,37.0,CLEAN
256,2048.0,0.3646975345415166,0.44868312631611074,98.0,37.0,CLEAN
257,2056.0,0.374522789143936,0.4447767571031831,98.0,37.0,CLEAN
258,2064.0,0.3646975345415166,0.43890194402905364,98.0,37.0,CLEAN
259,2072.0,0.38039957694351395,0.43401898251289406,98.0,37.0,CLEAN
260,2080.0,0.3843174354765659,0.4281594286935026,98.0,37.0,CLEAN
261,2088.0,0.3941120818091958,0.42228461561937314,98.0,37.0,CLEAN
262,2096.0,0.4039067281418257,0.41447187719351786,98.0,37.0,CLEAN
263,2104.0,0.38039957694351395,0.4066438795129246,98.0,37.0,CLEAN
264,2112.0,0.3941120818091958,0.3968779564806055,98.0,37.0,CLEAN
265,2120.0,0.3941120818091958,0.3870967741935484,98.0,37.0,CLEAN
266,2128.0,0.38039957694351395,0.3763389996032594,98.0,37.0,CLEAN
267,2136.0,0.374522789143936,0.36559648426770835,98.0,37.0,CLEAN
268,2144.0,0.37057432234109455,0.35386211737418743,98.0,37.0,CLEAN
269,2152.0,0.374522789143936,0.3421277504806665,98.0,37.0,CLEAN
270,2160.0,0.39019422327614384,0.33138523514511553,98.0,37.0,CLEAN
271,2168.0,0.3999888696087737,0.32160405285805843,98.0,37.0,CLEAN
272,2176.0,0.3941120818091958,0.3127994628742332,98.0,37.0,CLEAN
273,2184.0,0.39019422327614384,0.3030335398419141,98.0,37.0,CLEAN
274,2192.0,0.38039957694351395,0.29520554216132083,98.0,37.0,CLEAN
275,2200.0,0.3549028882088867,0.28739280373546555,98.0,37.0,CLEAN
276,2208.0,0.3196115531416296,0.2805413983581042,98.0,37.0,CLEAN
277,2216.0,0.3451082418762568,0.2737052522354808,98.0,37.0,CLEAN
278,2224.0,0.3588207467419387,0.26784569841608935,98.0,37.0,CLEAN
279,2232.0,0.374522789143936,0.26294747764519183,98.0,37.0,CLEAN
280,2240.0,0.37057432234109455,0.2590411084322642,98.0,37.0,CLEAN
281,2248.0,0.374522789143936,0.25513473921933655,98.0,37.0,CLEAN
282,2256.0,0.3392008458068894,0.25318155461287273,98.0,37.0,CLEAN
283,2264.0,0.34902610040930876,0.2512283700064089,98.0,37.0,CLEAN
284,2272.0,0.3392008458068894,0.25025177770317697,98.0,37.0,CLEAN
285,2280.0,0.34902610040930876,0.25025177770317697,98.0,37.0,CLEAN
286,2288.0,0.3549028882088867,0.2512283700064089,98.0,37.0,CLEAN
287,2296.0,0.26861817567237517,0.2522049623096408,98.0,37.0,CLEAN
288,2304.0,0.44902331781150223,0.25318155461287273,98.0,37.0,CLEAN
289,2312.0,1.1764594576280094,0.25513473921933655,98.0,37.0,CLEAN
290,2320.0,1.503906727835743,0.25611133152256843,98.0,37.0,CLEAN
291,2328.0,1.503906727835743,0.25806451612903225,98.0,37.0,CLEAN
292,2336.0,0.8156797816195448,0.2590411084322642,98.0,37.0,CLEAN
293,2344.0,0.45490010561108013,0.26001770073549607,98.0,37.0,CLEAN
294,2352.0,0.42940341687645295,0.2590411084322642,98.0,37.0,CLEAN
295,2360.0,0.3999888696087737,0.2590411084322642,98.0,37.0,CLEAN
296,2368.0,0.3646975345415166,0.25708792382580037,98.0,37.0,CLEAN
297,2376.0,0.34902610040930876,0.25611133152256843,98.0,37.0,CLEAN
298,2384.0,0.3392008458068894,0.2541581469161046,98.0,37.0,CLEAN
299,2392.0,0.34902610040930876,0.2522049623096408,98.0,37.0,CLEAN
300,2400.0,0.37057432234109455,0.24925992614520706,98.0,37.0,CLEAN
301,2408.0,0.3588207467419387,0.24633014923551133,98.0,37.0,CLEAN
302,2416.0,0.38039957694351395,0.24144718771935178,98.0,37.0,CLEAN
303,2424.0,0.3941120818091958,0.23754081850642414,98.0,37.0,CLEAN
304,2432.0,0.4039067281418257,0.2326425977355266,98.0,37.0,CLEAN
305,2440.0,0.4156909120107711,0.22678304391613513,98.0,37.0,CLEAN
306,2448.0,0.419608770543823,0.22092349009674367,98.0,37.0,CLEAN
307,2456.0,0.42940341687645295,0.2150486770226142,98.0,37.0,CLEAN
308,2464.0,0.44902331781150223,0.20821253089999084,98.0,37.0,CLEAN
309,2472.0,0.4706021480130775,0.20235297708059938,98.0,37.0,CLEAN
310,2480.0,0.49019144067833725,0.19647816400646992,98.0,37.0,CLEAN
311,2488.0,0.5196059879460164,0.19159520249031037,98.0,37.0,CLEAN
312,2496.0,0.5646919693459035,0.18768883327738273,98.0,37.0,CLEAN
313,2504.0,0.6000139126829501,0.18279061250648518,98.0,37.0,CLEAN
314,2512.0,0.6450998940828371,0.17888424329355754,98.0,37.0,CLEAN
315,2520.0,0.6960932715520916,0.1749778740806299,98.0,37.0,CLEAN
316,2528.0,0.7450971114850305,0.17107150486770226,98.0,37.0,CLEAN
317,2536.0,0.7764705880192357,0.16812646870326853,98.0,37.0,CLEAN
318,2544.0,0.796090488954285,0.1651966917935728,98.0,37.0,CLEAN
319,2552.0,0.796090488954285,0.16324350718710898,98.0,37.0,CLEAN
320,2560.0,0.7803884465522877,0.16129032258064516,98.0,37.0,CLEAN
321,2568.0,0.7411792529519786,0.15933713797418134,98.0,37.0,CLEAN
322,2576.0,0.7000111300851435,0.15836054567094943,98.0,37.0,CLEAN
323,2584.0,0.6509766818824151,0.15738395336771752,98.0,37.0,CLEAN
324,2592.0,0.5843118702809528,0.1554307687612537,98.0,37.0,CLEAN
325,2600.0,0.5254827757455944,0.15445417645802179,98.0,37.0,CLEAN
326,2608.0,0.48039679434570737,0.15347758415478988,98.0,37.0,CLEAN
327,2616.0,0.45490010561108013,0.15248573259681997,98.0,37.0,CLEAN
328,2624.0,0.42940341687645295,0.15150914029358806,98.0,37.0,CLEAN
329,2632.0,0.4156909120107711,0.15053254799035615,98.0,37.0,CLEAN
330,2640.0,0.3999888696087737,0.14955595568712424,98.0,37.0,CLEAN
331,2648.0,0.39019422327614384,0.14857936338389233,98.0,37.0,CLEAN
332,2656.0,0.39019422327614384,0.14760277108066042,98.0,37.0,CLEAN
333,2664.0,0.4039067281418257,0.1466261787774285,98.0,37.0,CLEAN
334,2672.0,0.4156909120107711,0.14467299417096469,98.0,37.0,CLEAN
335,2680.0,0.4098141242111931,0.14271980956450087,98.0,37.0,CLEAN
336,2688.0,0.419608770543823,0.14076662495803705,98.0,37.0,CLEAN
337,2696.0,0.42548555834340096,0.13783684804834131,98.0,37.0,CLEAN
338,2704.0,0.419608770543823,0.13391521958067568,98.0,37.0,CLEAN
339,2712.0,0.42548555834340096,0.13098544267097995,98.0,37.0,CLEAN
340,2720.0,0.4156909120107711,0.1270790734580523,98.0,37.0,CLEAN
341,2728.0,0.42548555834340096,0.12317270424512466,98.0,37.0,CLEAN
342,2736.0,0.42548555834340096,0.11827448347422712,98.0,37.0,CLEAN
343,2744.0,0.4156909120107711,0.11241492965483565,98.0,37.0,CLEAN
344,2752.0,0.4098141242111931,0.10557878353221228,98.0,37.0,CLEAN
345,2760.0,0.4039067281418257,0.09872737815485091,98.0,37.0,CLEAN
346,2768.0,0.3941120818091958,0.09091463972899563,98.0,37.0,CLEAN
347,2776.0,0.4039067281418257,0.08308664204840235,98.0,37.0,CLEAN
348,2784.0,0.3999888696087737,0.07527390362254707,98.0,37.0,CLEAN
349,2792.0,0.38039957694351395,0.06646931363872188,98.0,37.0,CLEAN
350,2800.0,0.4039067281418257,0.05963316751609851,98.0,37.0,CLEAN
351,2808.0,0.4098141242111931,0.05278176213873714,98.0,37.0,CLEAN
352,2816.0,0.4039067281418257,0.04789880062257759,98.0,37.0,CLEAN
353,2824.0,0.4156909120107711,0.04203924680318613,98.0,37.0,CLEAN
354,2832.0,0.3941120818091958,0.03714102603228858,98.0,37.0,CLEAN
355,2840.0,0.374522789143936,0.03225806451612903,98.0,37.0,CLEAN
356,2848.0,0.3646975345415166,0.02737510299996948,98.0,37.0,CLEAN
357,2856.0,0.3588207467419387,0.023453474532303842,98.0,37.0,CLEAN
358,2864.0,0.3588207467419387,0.02150028992584002,98.0,37.0,CLEAN
359,2872.0,0.3646975345415166,0.0195471053193762,98.0,37.0,CLEAN
360,2880.0,0.3549028882088867,0.0195471053193762,98.0,37.0,CLEAN
361,2888.0,0.3588207467419387,0.0195471053193762,98.0,37.0,CLEAN
362,2896.0,0.34902610040930876,0.02247688222907193,98.0,37.0,CLEAN
363,2904.0,0.3392008458068894,0.02639851069673757,98.0,37.0,CLEAN
364,2912.0,0.33528298727383743,0.03128147221289712,98.0,37.0,CLEAN
365,2920.0,0.33528298727383743,0.03714102603228858,98.0,37.0,CLEAN
366,2928.0,0.3451082418762568,0.04496902371288186,98.0,37.0,CLEAN
367,2936.0,0.27449496347195307,0.05278176213873714,98.0,37.0,CLEAN
368,2944.0,0.42940341687645295,0.06256294442579424,98.0,37.0,CLEAN
369,2952.0,1.0921642826278133,0.07232886745811334,98.0,37.0,CLEAN
370,2960.0,1.503906727835743,0.08308664204840235,98.0,37.0,CLEAN
371,2968.0,1.503906727835743,0.09384441663869136,98.0,37.0,CLEAN
372,2976.0,0.8960877063564784,0.10458693197424238,98.0,37.0,CLEAN
373,2984.0,0.3588207467419387,0.11534470656453139,98.0,37.0,CLEAN
374,2992.0,0.3392008458068894,0.1270790734580523,98.0,37.0,CLEAN
375,3000.0,0.3549028882088867,0.13881344035157323,98.0,37.0,CLEAN
376,3008.0,0.33528298727383743,0.15248573259681997,98.0,37.0,CLEAN
377,3016.0,0.3098169068089997,0.1651966917935728,98.0,37.0,CLEAN
378,3024.0,0.31373476534205164,0.17693105868709372,98.0,37.0,CLEAN
379,3032.0,0.3098169068089997,0.18866542558061464,98.0,37.0,CLEAN
380,3040.0,0.3196115531416296,0.20038453321939756,98.0,37.0,CLEAN
381,3048.0,0.33528298727383743,0.21114230780968657,98.0,37.0,CLEAN
382,3056.0,0.3294061994742595,0.2228766747032075,98.0,37.0,CLEAN
383,3064.0,0.3451082418762568,0.2346110415967284,98.0,37.0,CLEAN
384,3072.0,0.3549028882088867,0.24730674153874324,98.0,37.0,CLEAN
385,3080.0,0.3588207467419387,0.26001770073549607,98.0,37.0,CLEAN
386,3088.0,0.37057432234109455,0.2737052522354808,98.0,37.0,CLEAN
387,3096.0,0.374522789143936,0.28739280373546555,98.0,37.0,CLEAN
388,3104.0,0.39019422327614384,0.3010803552354503,98.0,37.0,CLEAN
389,3112.0,0.419608770543823,0.31476790673543503,98.0,37.0,CLEAN
390,3120.0,0.44510545927845024,0.3274636066774499,98.0,37.0,CLEAN
391,3128.0,0.48039679434570737,0.3391979735709708,98.0,37.0,CLEAN
392,3136.0,0.5294006342786464,0.3499557481612598,98.0,37.0,CLEAN
393,3144.0,0.5705993654152709,0.36069826349681083,98.0,37.0,CLEAN
394,3152.0,0.6196032053482099,0.37243263039033175,98.0,37.0,CLEAN
395,3160.0,0.6862680169496722,0.3841669972838527,98.0,37.0,CLEAN
396,3168.0,0.7254772105499813,0.3968779564806055,98.0,37.0,CLEAN
397,3176.0,0.7411792529519786,0.40957365642262034,98.0,37.0,CLEAN
398,3184.0,0.7450971114850305,0.4203314310129093,98.0,37.0,CLEAN
399,3192.0,0.7548917578176605,0.43206579790643024,98.0,37.0,CLEAN
400,3200.0,0.7254772105499813,0.44183172093874934,98.0,37.0,CLEAN
401,3208.0,0.6862680169496722,0.45161290322580644,98.0,37.0,CLEAN
402,3216.0,0.615685346815158,0.4623706778160955,98.0,37.0,CLEAN
403,3224.0,0.5646919693459035,0.4740897854548784,98.0,37.0,CLEAN
404,3232.0,0.49410929921138924,0.4868007446516312,98.0,37.0,CLEAN
405,3240.0,0.419608770543823,0.4985351115451521,98.0,37.0,CLEAN
406,3248.0,0.37057432234109455,0.5122226630451369,98.0,37.0,CLEAN
407,3256.0,0.34902610040930876,0.5259102145451217,98.0,37.0,CLEAN
408,3264.0,0.3294061994742595,0.5395825067903683,98.0,37.0,CLEAN
409,3272.0,0.2999916522065803,0.554246650593585,98.0,37.0,CLEAN
410,3280.0,0.3039095107396323,0.5669576097903378,98.0,37.0,CLEAN
411,3288.0,0.28432021807437247,0.5796685689870906,98.0,37.0,CLEAN
412,3296.0,0.2901970058739504,0.5923795281838435,98.0,37.0,CLEAN
413,3304.0,0.28432021807437247,0.6050904873805963,98.0,37.0,CLEAN
414,3312.0,0.2999916522065803,0.618762779625843,98.0,37.0,CLEAN
415,3320.0,0.3098169068089997,0.6324503311258278,98.0,37.0,CLEAN
416,3328.0,0.3039095107396323,0.6461378826258125,98.0,37.0,CLEAN
417,3336.0,0.3294061994742595,0.6608020264290292,98.0,37.0,CLEAN
418,3344.0,0.33528298727383743,0.674489577929014,98.0,37.0,CLEAN
419,3352.0,0.33528298727383743,0.6872005371257668,98.0,37.0,CLEAN
420,3360.0,0.33528298727383743,0.6989196447645497,98.0,37.0,CLEAN
421,3368.0,0.3392008458068894,0.7106540116580706,98.0,37.0,CLEAN
422,3376.0,0.3549028882088867,0.7214117862483597,98.0,37.0,CLEAN
423,3384.0,0.3549028882088867,0.7331308938871426,98.0,37.0,CLEAN
424,3392.0,0.3549028882088867,0.7438886684774315,98.0,37.0,CLEAN
425,3400.0,0.3549028882088867,0.7556230353709524,98.0,37.0,CLEAN
426,3408.0,0.34902610040930876,0.7673574022644734,98.0,37.0,CLEAN
427,3416.0,0.3392008458068894,0.7780999176000244,98.0,37.0,CLEAN
428,3424.0,0.3451082418762568,0.7888576921903134,98.0,37.0,CLEAN
429,3432.0,0.34902610040930876,0.8005920590838344,98.0,37.0,CLEAN
430,3440.0,0.3549028882088867,0.8103579821161534,98.0,37.0,CLEAN
431,3448.0,0.3646975345415166,0.8201391644032106,98.0,37.0,CLEAN
432,3456.0,0.37057432234109455,0.8299050874355296,98.0,37.0,CLEAN
433,3464.0,0.37057432234109455,0.8396862697225868,98.0,37.0,CLEAN
434,3472.0,0.374522789143936,0.8514206366161077,98.0,37.0,CLEAN
435,3480.0,0.33528298727383743,0.8621631519516587,98.0,37.0,CLEAN
436,3488.0,0.3196115531416296,0.8748741111484115,98.0,37.0,CLEAN
437,3496.0,0.33528298727383743,0.8875850703451643,98.0,37.0,CLEAN
438,3504.0,0.3392008458068894,0.8993194372386852,98.0,37.0,CLEAN
439,3512.0,0.3451082418762568,0.912030396435438,98.0,37.0,CLEAN
440,3520.0,0.3235294116746816,0.9227729117709891,98.0,37.0,CLEAN
441,3528.0,0.3235294116746816,0.93450727866451,98.0,37.0,CLEAN
442,3536.0,0.3039095107396323,0.9472182378612628,98.0,37.0,CLEAN
443,3544.0,0.2999916522065803,0.9599291970580157,98.0,37.0,CLEAN
444,3552.0,0.3098169068089997,0.9745780816064943,98.0,37.0,CLEAN
445,3560.0,0.3098169068089997,0.9882656331064791,98.0,37.0,CLEAN
446,3568.0,0.2901970058739504,0.9941404461806085,98.0,37.0,CLEAN
447,3576.0,0.2549056708066933,1.0,98.0,37.0,CLEAN
448,3584.0,0.6509766818824151,1.0,98.0,37.0,CLEAN
449,3592.0,1.503906727835743,1.0,98.0,37.0,CLEAN
450,3600.0,1.503906727835743,1.0,98.0,37.0,CLEAN
451,3608.0,1.462738604968908,1.0,98.0,37.0,CLEAN
452,3616.0,0.5058934830803345,1.0,98.0,37.0,CLEAN
453,3624.0,0.3294061994742595,1.0,98.0,37.0,CLEAN
454,3632.0,0.3588207467419387,1.0,98.0,37.0,CLEAN
455,3640.0,0.3646975345415166,1.0,98.0,37.0,CLEAN
456,3648.0,0.37057432234109455,1.0,98.0,37.0,CLEAN
457,3656.0,0.3588207467419387,1.0,98.0,37.0,CLEAN
458,3664.0,0.33528298727383743,1.0,98.0,37.0,CLEAN
459,3672.0,0.33528298727383743,1.0,98.0,37.0,CLEAN
460,3680.0,0.34902610040930876,1.0,98.0,37.0,CLEAN
461,3688.0,0.37057432234109455,1.0,98.0,37.0,CLEAN
462,3696.0,0.38039957694351395,1.0,98.0,37.0,CLEAN
463,3704.0,0.3999888696087737,1.0,98.0,37.0,CLEAN
464,3712.0,0.3941120818091958,1.0,98.0,37.0,CLEAN
465,3720.0,0.4039067281418257,1.0,98.0,37.0,CLEAN
466,3728.0,0.419608770543823,1.0,98.0,37.0,CLEAN
467,3736.0,0.42548555834340096,1.0,98.0,37.0,CLEAN
468,3744.0,0.42940341687645295,1.0,98.0,37.0,CLEAN
469,3752.0,0.45490010561108013,1.0,98.0,37.0,CLEAN
470,3760.0,0.49410929921138924,1.0,98.0,37.0,CLEAN
471,3768.0,0.5294006342786464,1.0,98.0,37.0,CLEAN
472,3776.0,0.5745172239483228,1.0,98.0,37.0,CLEAN
473,3784.0,0.6353052477502072,1.0,98.0,37.0,CLEAN
474,3792.0,0.6960932715520916,1.0,98.0,37.0,CLEAN
475,3800.0,0.7607991538870279,1.0,98.0,37.0,CLEAN
476,3808.0,0.7901830928849176,1.0,98.0,37.0,CLEAN
477,3816.0,0.8255050362219641,1.0,98.0,37.0,CLEAN
478,3824.0,0.8117619230864929,1.0,98.0,37.0,CLEAN
479,3832.0,0.796090488954285,1.0,98.0,37.0,CLEAN
480,3840.0,0.7607991538870279,1.0,98.0,37.0,CLEAN
481,3848.0,0.7058879178847215,1.0,98.0,37.0,CLEAN
482,3856.0,0.6353052477502072,1.0,98.0,37.0,CLEAN
483,3864.0,0.5803940117479008,1.0,98.0,37.0,CLEAN
484,3872.0,0.5058934830803345,1.0,98.0,37.0,CLEAN
485,3880.0,0.4607768934106581,1.0,98.0,37.0,CLEAN
486,3888.0,0.4039067281418257,1.0,98.0,37.0,CLEAN
487,3896.0,0.38039957694351395,1.0,98.0,37.0,CLEAN
488,3904.0,0.3549028882088867,1.0,98.0,37.0,CLEAN
489,3912.0,0.3451082418762568,1.0,98.0,37.0,CLEAN
490,3920.0,0.33528298727383743,0.9921872615741447,98.0,37.0,CLEAN
491,3928.0,0.3294061994742595,0.9833826715903196,98.0,37.0,CLEAN
492,3936.0,0.33528298727383743,0.9618823816644795,98.0,37.0,CLEAN
493,3944.0,0.33528298727383743,0.9403668324839015,98.0,37.0,CLEAN
494,3952.0,0.3451082418762568,0.9149601733451338,98.0,37.0,CLEAN
495,3960.0,0.3549028882088867,0.8905148472548601,98.0,37.0,CLEAN
496,3968.0,0.3588207467419387,0.8621631519516587,98.0,37.0,CLEAN
497,3976.0,0.3549028882088867,0.8348033082064272,98.0,37.0,CLEAN
498,3984.0,0.38039957694351395,0.8093813898129215,98.0,37.0,CLEAN
499,3992.0,0.38039957694351395,0.7829981383709219,98.0,37.0,CLEAN
500,4000.0,0.39019422327614384,0.7585528122806482,98.0,37.0,CLEAN
501,4008.0,0.4039067281418257,0.7341227454451125,98.0,37.0,CLEAN
502,4016.0,0.3941120818091958,0.7087008270516068,98.0,37.0,CLEAN
503,4024.0,0.3999888696087737,0.6832789086581011,98.0,37.0,CLEAN
504,4032.0,0.3941120818091958,0.6568956572161015,98.0,37.0,CLEAN
505,4040.0,0.4039067281418257,0.630497146519364,98.0,37.0,CLEAN
506,4048.0,0.39019422327614384,0.6050904873805963,98.0,37.0,CLEAN
507,4056.0,0.38039957694351395,0.5786919766838587,98.0,37.0,CLEAN
508,4064.0,0.3646975345415166,0.554246650593585,98.0,37.0,CLEAN
509,4072.0,0.3588207467419387,0.5298165837580493,98.0,37.0,CLEAN
510,4080.0,0.38039957694351395,0.5083162938322092,98.0,37.0,CLEAN
511,4088.0,0.3999888696087737,0.4868007446516312,98.0,37.0,CLEAN
512,4096.0,0.4098141242111931,0.46823023163548694,98.0,37.0,CLEAN
513,4104.0,0.3999888696087737,0.44868312631611074,98.0,37.0,CLEAN
514,4112.0,0.4098141242111931,0.4330423902096622,98.0,37.0,CLEAN
515,4120.0,0.3843174354765659,0.4164250617999817,98.0,37.0,CLEAN
516,4128.0,0.3549028882088867,0.40273751029999694,98.0,37.0,CLEAN
517,4136.0,0.34902610040930876,0.3880733664967803,98.0,37.0,CLEAN
518,4144.0,0.3451082418762568,0.3773155919064913,98.0,37.0,CLEAN
519,4152.0,0.374522789143936,0.3665730765709403,98.0,37.0,CLEAN
520,4160.0,0.3646975345415166,0.3577684865871151,98.0,37.0,CLEAN
521,4168.0,0.37057432234109455,0.3499557481612598,98.0,37.0,CLEAN
522,4176.0,0.3588207467419387,0.34310434278389845,98.0,37.0,CLEAN
523,4184.0,0.3451082418762568,0.33626819666127505,98.0,37.0,CLEAN
524,4192.0,0.3392008458068894,0.33138523514511553,98.0,37.0,CLEAN
525,4200.0,0.3392008458068894,0.32648701437421795,98.0,37.0,CLEAN
526,4208.0,0.3392008458068894,0.32355723746452225,98.0,37.0,CLEAN
527,4216.0,0.27449496347195307,0.3206274605548265,98.0,37.0,CLEAN
528,4224.0,0.2647003171393232,0.3186742759483627,98.0,37.0,CLEAN
529,4232.0,0.9411736877563655,0.31672109134189885,98.0,37.0,CLEAN
530,4240.0,1.503906727835743,0.31476790673543503,98.0,37.0,CLEAN
531,4248.0,1.503906727835743,0.3127994628742332,98.0,37.0,CLEAN
532,4256.0,1.1058767874934952,0.31182287057100133,98.0,37.0,CLEAN
533,4264.0,0.48039679434570737,0.3108462782677694,98.0,37.0,CLEAN
534,4272.0,0.419608770543823,0.3088930936613056,98.0,37.0,CLEAN
535,4280.0,0.3843174354765659,0.3079165013580737,98.0,37.0,CLEAN
536,4288.0,0.3549028882088867,0.30596331675160987,98.0,37.0,CLEAN
537,4296.0,0.3294061994742595,0.30401013214514605,98.0,37.0,CLEAN
538,4304.0,0.3196115531416296,0.3030335398419141,98.0,37.0,CLEAN
539,4312.0,0.3294061994742595,0.30205694753868223,98.0,37.0,CLEAN
540,4320.0,0.34902610040930876,0.3001037629322184,98.0,37.0,CLEAN
541,4328.0,0.3451082418762568,0.29912717062898647,98.0,37.0,CLEAN
542,4336.0,0.3646975345415166,0.2981353190710166,98.0,37.0,CLEAN
543,4344.0,0.374522789143936,0.29618213446455277,98.0,37.0,CLEAN
544,4352.0,0.37057432234109455,0.29520554216132083,98.0,37.0,CLEAN
545,4360.0,0.38039957694351395,0.293252357554857,98.0,37.0,CLEAN
546,4368.0,0.39019422327614384,0.293252357554857,98.0,37.0,CLEAN
547,4376.0,0.4039067281418257,0.293252357554857,98.0,37.0,CLEAN
548,4384.0,0.419608770543823,0.29422894985808895,98.0,37.0,CLEAN
549,4392.0,0.4392286714788723,0.29520554216132083,98.0,37.0,CLEAN
550,4400.0,0.46469475194371007,0.29618213446455277,98.0,37.0,CLEAN
551,4408.0,0.49019144067833725,0.29715872676778465,98.0,37.0,CLEAN
552,4416.0,0.5392258888810657,0.29912717062898647,98.0,37.0,CLEAN
553,4424.0,0.5803940117479008,0.3010803552354503,98.0,37.0,CLEAN
554,4432.0,0.6254799931477878,0.30401013214514605,98.0,37.0,CLEAN
555,4440.0,0.6862680169496722,0.3079165013580737,98.0,37.0,CLEAN
556,4448.0,0.7058879178847215,0.3127994628742332,98.0,37.0,CLEAN
557,4456.0,0.7411792529519786,0.31672109134189885,98.0,37.0,CLEAN
558,4464.0,0.7509738992846084,0.32160405285805843,98.0,37.0,CLEAN
559,4472.0,0.7666759416866058,0.32551042207098607,98.0,37.0,CLEAN
560,4480.0,0.7509738992846084,0.3294167912839137,98.0,37.0,CLEAN
561,4488.0,0.7098057764177734,0.33333841975157935,98.0,37.0,CLEAN
562,4496.0,0.654894540415467,0.3382213812677389,98.0,37.0,CLEAN
563,4504.0,0.60980855901558,0.34310434278389845,98.0,37.0,CLEAN
564,4512.0,0.5548973230132735,0.348002563554796,98.0,37.0,CLEAN
565,4520.0,0.49410929921138924,0.35288552507095555,98.0,37.0,CLEAN
566,4528.0,0.4392286714788723,0.3567918942838832,98.0,37.0,CLEAN
567,4536.0,0.4039067281418257,0.36069826349681083,98.0,37.0,CLEAN
568,4544.0,0.3941120818091958,0.36364329966124453,98.0,37.0,CLEAN
569,4552.0,0.38039957694351395,0.3665730765709403,98.0,37.0,CLEAN
570,4560.0,0.374522789143936,0.3675496688741722,98.0,37.0,CLEAN
571,4568.0,0.3588207467419387,0.369502853480636,98.0,37.0,CLEAN
572,4576.0,0.37057432234109455,0.369502853480636,98.0,37.0,CLEAN
573,4584.0,0.3646975345415166,0.37047944578386793,98.0,37.0,CLEAN
574,4592.0,0.37057432234109455,0.3685262611774041,98.0,37.0,CLEAN
575,4600.0,0.3646975345415166,0.3665730765709403,98.0,37.0,CLEAN
576,4608.0,0.38039957694351395,0.36265144810327465,98.0,37.0,CLEAN
577,4616.0,0.3843174354765659,0.358745078890347,98.0,37.0,CLEAN
578,4624.0,0.39019422327614384,0.3548387096774194,98.0,37.0,CLEAN
579,4632.0,0.3941120818091958,0.35093234046449173,98.0,37.0,CLEAN
580,4640.0,0.3999888696087737,0.34603411969359416,98.0,37.0,CLEAN
581,4648.0,0.3999888696087737,0.34115115817743463,98.0,37.0,CLEAN
582,4656.0,0.3941120818091958,0.33333841975157935,98.0,37.0,CLEAN
583,4664.0,0.4098141242111931,0.32648701437421795,98.0,37.0,CLEAN
584,4672.0,0.4098141242111931,0.31672109134189885,98.0,37.0,CLEAN
585,4680.0,0.4039067281418257,0.30693990905484175,98.0,37.0,CLEAN
586,4688.0,0.3999888696087737,0.29520554216132083,98.0,37.0,CLEAN
587,4696.0,0.3941120818091958,0.28446302682576985,98.0,37.0,CLEAN
588,4704.0,0.39019422327614384,0.271752067629017,98.0,37.0,CLEAN
589,4712.0,0.38039957694351395,0.26001770073549607,98.0,37.0,CLEAN
590,4720.0,0.39019422327614384,0.24925992614520706,98.0,37.0,CLEAN
591,4728.0,0.4098141242111931,0.23851741080965605,98.0,37.0,CLEAN
592,4736.0,0.42940341687645295,0.22873622852259895,98.0,37.0,CLEAN
593,4744.0,0.4392286714788723,0.21897030549027985,98.0,37.0,CLEAN
594,4752.0,0.4352802046760309,0.20918912320322275,98.0,37.0,CLEAN
595,4760.0,0.419608770543823,0.20038453321939756,98.0,37.0,CLEAN
596,4768.0,0.3999888696087737,0.19159520249031037,98.0,37.0,CLEAN
597,4776.0,0.4039067281418257,0.18279061250648518,98.0,37.0,CLEAN
598,4784.0,0.4156909120107711,0.1759544663838618,98.0,37.0,CLEAN
599,4792.0,0.4392286714788723,0.16910306100650044,98.0,37.0,CLEAN
600,4800.0,0.42940341687645295,0.16324350718710898,98.0,37.0,CLEAN
601,4808.0,0.42940341687645295,0.15836054567094943,98.0,37.0,CLEAN
602,4816.0,0.42548555834340096,0.15347758415478988,98.0,37.0,CLEAN
603,4824.0,0.419608770543823,0.14955595568712424,98.0,37.0,CLEAN
604,4832.0,0.4156909120107711,0.1466261787774285,98.0,37.0,CLEAN
605,4840.0,0.42548555834340096,0.14271980956450087,98.0,37.0,CLEAN
606,4848.0,0.42940341687645295,0.13979003265480514,98.0,37.0,CLEAN
607,4856.0,0.3646975345415166,0.1368449964903714,98.0,37.0,CLEAN
608,4864.0,0.3549028882088867,0.13391521958067568,98.0,37.0,CLEAN
609,4872.0,0.9921670652256199,0.13098544267097995,98.0,37.0,CLEAN
610,4880.0,1.503906727835743,0.12805566576128422,98.0,37.0,CLEAN
611,4888.0,1.503906727835743,0.12512588885158848,98.0,37.0,CLEAN
612,4896.0,1.1470449103603302,0.12219611194189275,98.0,37.0,CLEAN
613,4904.0,0.5098113416133866,0.11925107577745903,98.0,37.0,CLEAN
614,4912.0,0.4352802046760309,0.11436811426129947,98.0,37.0,CLEAN
615,4920.0,0.42548555834340096,0.11046174504837183,98.0,37.0,CLEAN
616,4928.0,0.4039067281418257,0.10557878353221228,98.0,37.0,CLEAN
617,4936.0,0.3843174354765659,0.09970397045808282,98.0,37.0,CLEAN
618,4944.0,0.3646975345415166,0.09579760124515518,98.0,37.0,CLEAN
619,4952.0,0.3588207467419387,0.09091463972899563,98.0,37.0,CLEAN
620,4960.0,0.38039957694351395,0.08601641895809808,98.0,37.0,CLEAN
621,4968.0,0.374522789143936,0.08211004974517044,98.0,37.0,CLEAN
622,4976.0,0.3843174354765659,0.07625049592577898,98.0,37.0,CLEAN
623,4984.0,0.39019422327614384,0.07037568285164952,98.0,37.0,CLEAN
624,4992.0,0.3999888696087737,0.06256294442579424,98.0,37.0,CLEAN
625,5000.0,0.4039067281418257,0.05473494674520096,98.0,37.0,CLEAN
626,5008.0,0.419608770543823,0.04789880062257759,98.0,37.0,CLEAN
627,5016.0,0.42940341687645295,0.04007080294198431,98.0,37.0,CLEAN
628,5024.0,0.44510545927845024,0.03323465681936094,98.0,37.0,CLEAN
629,5032.0,0.44902331781150223,0.02639851069673757,98.0,37.0,CLEAN
630,5040.0,0.4745200065461294,0.02150028992584002,98.0,37.0,CLEAN
631,5048.0,0.5098113416133866,0.01564073610644856,98.0,37.0,CLEAN
632,5056.0,0.5353080303480138,0.01173436689352092,98.0,37.0,CLEAN
633,5064.0,0.5705993654152709,0.007812738425855281,98.0,37.0,CLEAN
634,5072.0,0.6293978516808398,0.005859553819391461,98.0,37.0,CLEAN
635,5080.0,0.6803912291500942,0.0029297769096957305,98.0,37.0,CLEAN
636,5088.0,0.7098057764177734,0.0029297769096957305,98.0,37.0,CLEAN
637,5096.0,0.7313846066193487,0.0019531846064638203,98.0,37.0,CLEAN
638,5104.0,0.7450971114850305,0.0029297769096957305,98.0,37.0,CLEAN
639,5112.0,0.7450971114850305,0.003906369212927641,98.0,37.0,CLEAN
640,5120.0,0.7254772105499813,0.005859553819391461,98.0,37.0,CLEAN
641,5128.0,0.6960932715520916,0.00880458998382519,98.0,37.0,CLEAN
642,5136.0,0.6411820355497851,0.01271095919675283,98.0,37.0,CLEAN
643,5144.0,0.5803940117479008,0.01759392071291238,98.0,37.0,CLEAN
644,5152.0,0.5196059879460164,0.02444532609027375,98.0,37.0,CLEAN
645,5160.0,0.4607768934106581,0.03128147221289712,98.0,37.0,CLEAN
646,5168.0,0.3999888696087737,0.04007080294198431,98.0,37.0,CLEAN
647,5176.0,0.37057432234109455,0.04985198522904141,98.0,37.0,CLEAN
648,5184.0,0.34902610040930876,0.06158635212256233,98.0,37.0,CLEAN
649,5192.0,0.33528298727383743,0.07332071901608325,98.0,37.0,CLEAN
650,5200.0,0.31373476534205164,0.08406323435163426,98.0,37.0,CLEAN
651,5208.0,0.3039095107396323,0.09579760124515518,98.0,37.0,CLEAN
652,5216.0,0.3098169068089997,0.1075319681386761,98.0,37.0,CLEAN
653,5224.0,0.3098169068089997,0.11925107577745903,98.0,37.0,CLEAN
654,5232.0,0.3098169068089997,0.13293862727744377,98.0,37.0,CLEAN
655,5240.0,0.3235294116746816,0.1466261787774285,98.0,37.0,CLEAN
656,5248.0,0.33528298727383743,0.16031373027741325,98.0,37.0,CLEAN
657,5256.0,0.3294061994742595,0.1749778740806299,98.0,37.0,CLEAN
658,5264.0,0.33528298727383743,0.18768883327738273,98.0,37.0,CLEAN
659,5272.0,0.3392008458068894,0.20136112552262947,98.0,37.0,CLEAN
660,5280.0,0.34902610040930876,0.2130954924161504,98.0,37.0,CLEAN
661,5288.0,0.33528298727383743,0.2248298593096713,98.0,37.0,CLEAN
662,5296.0,0.3451082418762568,0.23754081850642414,98.0,37.0,CLEAN
663,5304.0,0.3451082418762568,0.25025177770317697,98.0,37.0,CLEAN
664,5312.0,0.3294061994742595,0.26294747764519183,98.0,37.0,CLEAN
665,5320.0,0.33528298727383743,0.27565843684194463,98.0,37.0,CLEAN
666,5328.0,0.33528298727383743,0.28934598834192937,98.0,37.0,CLEAN
667,5336.0,0.3098169068089997,0.30205694753868223,98.0,37.0,CLEAN
668,5344.0,0.3294061994742595,0.31574449903866697,98.0,37.0,CLEAN
669,5352.0,0.3549028882088867,0.3294167912839137,98.0,37.0,CLEAN
670,5360.0,0.34902610040930876,0.34115115817743463,98.0,37.0,CLEAN
671,5368.0,0.3549028882088867,0.35386211737418743,98.0,37.0,CLEAN
672,5376.0,0.34902610040930876,0.3646198919644765,98.0,37.0,CLEAN
673,5384.0,0.3549028882088867,0.3763389996032594,98.0,37.0,CLEAN
674,5392.0,0.3196115531416296,0.3880733664967803,98.0,37.0,CLEAN
675,5400.0,0.3098169068089997,0.4007843256935331,98.0,37.0,CLEAN
676,5408.0,0.3098169068089997,0.413495284890286,98.0,37.0,CLEAN
677,5416.0,0.3098169068089997,0.4271675771355327,98.0,37.0,CLEAN
678,5424.0,0.3294061994742595,0.4398785363322855,98.0,37.0,CLEAN
679,5432.0,0.3196115531416296,0.45161290322580644,98.0,37.0,CLEAN
680,5440.0,0.3196115531416296,0.4643238624225593,98.0,37.0,CLEAN
681,5448.0,0.3294061994742595,0.4760582293160802,98.0,37.0,CLEAN
682,5456.0,0.2999916522065803,0.48973052156132696,98.0,37.0,CLEAN
683,5464.0,0.31373476534205164,0.5024414807580798,98.0,37.0,CLEAN
684,5472.0,0.31373476534205164,0.5171056245612964,98.0,37.0,CLEAN
685,5480.0,0.3235294116746816,0.532746360667745,98.0,37.0,CLEAN
686,5488.0,0.25882352933974523,0.5483870967741935,98.0,37.0,CLEAN
687,5496.0,0.49410929921138924,0.5640278328806421,98.0,37.0,CLEAN
688,5504.0,1.3568645997671365,0.5796685689870906,98.0,37.0,CLEAN
689,5512.0,1.503906727835743,0.5962858973967712,98.0,37.0,CLEAN
690,5520.0,1.503906727835743,0.6099734488967559,98.0,37.0,CLEAN
691,5528.0,0.6803912291500942,0.6246375926999725,98.0,37.0,CLEAN
692,5536.0,0.2999916522065803,0.6373485518967253,98.0,37.0,CLEAN
693,5544.0,0.3294061994742595,0.6500442518387402,98.0,37.0,CLEAN
694,5552.0,0.33528298727383743,0.663731803338725,98.0,37.0,CLEAN
695,5560.0,0.31373476534205164,0.6774193548387096,98.0,37.0,CLEAN
696,5568.0,0.28432021807437247,0.6920834986419263,98.0,37.0,CLEAN
697,5576.0,0.28432021807437247,0.7077242347483749,98.0,37.0,CLEAN
698,5584.0,0.3098169068089997,0.7204351939451277,98.0,37.0,CLEAN
699,5592.0,0.3196115531416296,0.7341227454451125,98.0,37.0,CLEAN
700,5600.0,0.31373476534205164,0.7468184453871273,98.0,37.0,CLEAN
701,5608.0,0.3196115531416296,0.7605059968871121,98.0,37.0,CLEAN
702,5616.0,0.3294061994742595,0.7741935483870968,98.0,37.0,CLEAN
703,5624.0,0.3392008458068894,0.7878810998870815,98.0,37.0,CLEAN
704,5632.0,0.3549028882088867,0.8025452436902981,98.0,37.0,CLEAN
705,5640.0,0.374522789143936,0.8181859797967467,98.0,37.0,CLEAN
706,5648.0,0.39019422327614384,0.8338267159031952,98.0,37.0,CLEAN
707,5656.0,0.4039067281418257,0.8494674520096438,98.0,37.0,CLEAN
708,5664.0,0.44510545927845024,0.8660847804193244,98.0,37.0,CLEAN
709,5672.0,0.48039679434570737,0.8817255165257729,98.0,37.0,CLEAN
710,5680.0,0.5098113416133866,0.8963896603289895,98.0,37.0,CLEAN
711,5688.0,0.5509794644802216,0.9110385448774682,98.0,37.0,CLEAN
712,5696.0,0.605890700482528,0.924726096377453,98.0,37.0,CLEAN
713,5704.0,0.6607713282150449,0.9374370555742058,98.0,37.0,CLEAN
714,5712.0,0.7098057764177734,0.9521011993774224,98.0,37.0,CLEAN
715,5720.0,0.7450971114850305,0.966765343180639,98.0,37.0,CLEAN
716,5728.0,0.7666759416866058,0.9814294869838557,98.0,37.0,CLEAN
717,5736.0,0.7705938002196577,0.9970702230903042,98.0,37.0,CLEAN
718,5744.0,0.7548917578176605,0.9980468153935361,98.0,37.0,CLEAN
719,5752.0,0.7254772105499813,1.0,98.0,37.0,CLEAN
720,5760.0,0.6705965828174644,1.0,98.0,37.0,CLEAN
721,5768.0,0.6000139126829501,1.0,98.0,37.0,CLEAN
722,5776.0,0.5196059879460164,1.0,98.0,37.0,CLEAN
723,5784.0,0.4392286714788723,1.0,98.0,37.0,CLEAN
724,5792.0,0.38039957694351395,1.0,98.0,37.0,CLEAN
725,5800.0,0.3294061994742595,1.0,98.0,37.0,CLEAN
726,5808.0,0.29411486440700235,1.0,98.0,37.0,CLEAN
727,5816.0,0.27449496347195307,1.0,98.0,37.0,CLEAN
728,5824.0,0.2647003171393232,1.0,98.0,37.0,CLEAN
729,5832.0,0.2647003171393232,1.0,98.0,37.0,CLEAN
730,5840.0,0.26861817567237517,1.0,98.0,37.0,CLEAN
731,5848.0,0.28432021807437247,1.0,98.0,37.0,CLEAN
732,5856.0,0.3039095107396323,1.0,98.0,37.0,CLEAN
733,5864.0,0.31373476534205164,1.0,98.0,37.0,CLEAN
734,5872.0,0.3196115531416296,1.0,98.0,37.0,CLEAN
735,5880.0,0.3294061994742595,1.0,98.0,37.0,CLEAN
736,5888.0,0.3451082418762568,1.0,98.0,37.0,CLEAN
737,5896.0,0.3392008458068894,1.0,98.0,37.0,CLEAN
738,5904.0,0.3646975345415166,1.0,98.0,37.0,CLEAN
739,5912.0,0.374522789143936,1.0,98.0,37.0,CLEAN
740,5920.0,0.374522789143936,1.0,98.0,37.0,CLEAN
741,5928.0,0.38039957694351395,1.0,98.0,37.0,CLEAN
742,5936.0,0.3646975345415166,1.0,98.0,37.0,CLEAN
743,5944.0,0.37057432234109455,1.0,98.0,37.0,CLEAN
744,5952.0,0.3451082418762568,1.0,98.0,37.0,CLEAN
745,5960.0,0.3392008458068894,1.0,98.0,37.0,CLEAN
746,5968.0,0.33528298727383743,1.0,98.0,37.0,CLEAN
747,5976.0,0.33528298727383743,1.0,98.0,37.0,CLEAN
748,5984.0,0.3392008458068894,1.0,98.0,37.0,CLEAN
749,5992.0,0.37057432234109455,1.0,98.0,37.0,CLEAN
750,6000.0,0.38039957694351395,1.0,98.0,37.0,CLEAN
751,6008.0,0.38039957694351395,1.0,98.0,37.0,CLEAN
752,6016.0,0.37057432234109455,1.0,98.0,37.0,CLEAN
753,6024.0,0.38039957694351395,1.0,98.0,37.0,CLEAN
754,6032.0,0.3392008458068894,1.0,98.0,37.0,CLEAN
755,6040.0,0.3235294116746816,1.0,98.0,37.0,CLEAN
756,6048.0,0.33528298727383743,1.0,98.0,37.0,CLEAN
757,6056.0,0.3392008458068894,1.0,98.0,37.0,CLEAN
758,6064.0,0.3549028882088867,1.0,98.0,37.0,CLEAN
759,6072.0,0.3588207467419387,1.0,98.0,37.0,CLEAN
760,6080.0,0.34902610040930876,0.9833826715903196,98.0,37.0,CLEAN
761,6088.0,0.33528298727383743,0.966765343180639,98.0,37.0,CLEAN
762,6096.0,0.3294061994742595,0.9462416455580309,98.0,37.0,CLEAN
763,6104.0,0.3294061994742595,0.9266792809839167,98.0,37.0,CLEAN
764,6112.0,0.3392008458068894,0.9042023987548448,98.0,37.0,CLEAN
765,6120.0,0.3549028882088867,0.8817255165257729,98.0,37.0,CLEAN
766,6128.0,0.26861817567237517,0.8582567827387311,98.0,37.0,CLEAN
767,6136.0,0.5960654458801087,0.8348033082064272,98.0,37.0,CLEAN
768,6144.0,1.503906727835743,0.8103579821161534,98.0,37.0,CLEAN
769,6152.0,1.503906727835743,0.7869045075838496,98.0,37.0,CLEAN
770,6160.0,1.503906727835743,0.7644123661000397,98.0,37.0,CLEAN
771,6168.0,0.605890700482528,0.7419354838709677,98.0,37.0,CLEAN
772,6176.0,0.4098141242111931,0.7223883785515915,98.0,37.0,CLEAN
773,6184.0,0.3941120818091958,0.7018646809289835,98.0,37.0,CLEAN
774,6192.0,0.374522789143936,0.6813257240516373,98.0,37.0,CLEAN
775,6200.0,0.34902610040930876,0.6617786187322611,98.0,37.0,CLEAN
776,6208.0,0.34902610040930876,0.6422315134128849,98.0,37.0,CLEAN
777,6216.0,0.3451082418762568,0.6226844080935087,98.0,37.0,CLEAN
778,6224.0,0.3588207467419387,0.6050904873805963,98.0,37.0,CLEAN
779,6232.0,0.3549028882088867,0.5874813074129459,98.0,37.0,CLEAN
780,6240.0,0.3646975345415166,0.5728324228644673,98.0,37.0,CLEAN
781,6248.0,0.39019422327614384,0.5571916867580188,98.0,37.0,CLEAN
782,6256.0,0.38039957694351395,0.543504135258034,98.0,37.0,CLEAN
783,6264.0,0.3843174354765659,0.5298165837580493,98.0,37.0,CLEAN
784,6272.0,0.4039067281418257,0.5171056245612964,98.0,37.0,CLEAN
785,6280.0,0.4098141242111931,0.5034180730613117,98.0,37.0,CLEAN
786,6288.0,0.4039067281418257,0.49267555772576066,98.0,37.0,CLEAN
787,6296.0,0.4607768934106581,0.4819177831354717,98.0,37.0,CLEAN
788,6304.0,0.48431465287875936,0.47311319315164646,98.0,37.0,CLEAN
789,6312.0,0.4999860870109672,0.4643238624225593,98.0,37.0,CLEAN
790,6320.0,0.5294006342786464,0.456495864741966,98.0,37.0,CLEAN
791,6328.0,0.5705993654152709,0.4496597186193426,98.0,37.0,CLEAN
792,6336.0,0.60980855901558,0.4428083132419813,98.0,37.0,CLEAN
793,6344.0,0.6803912291500942,0.4369487594225898,98.0,37.0,CLEAN
794,6352.0,0.7156825642173513,0.43206579790643024,98.0,37.0,CLEAN
795,6360.0,0.7509738992846084,0.4271675771355327,98.0,37.0,CLEAN
796,6368.0,0.7666759416866058,0.4232612079226051,98.0,37.0,CLEAN
797,6376.0,0.7764705880192357,0.41935483870967744,98.0,37.0,CLEAN
798,6384.0,0.7666759416866058,0.4164250617999817,98.0,37.0,CLEAN
799,6392.0,0.7353024651524006,0.413495284890286,98.0,37.0,CLEAN
800,6400.0,0.6901858754827241,0.4105502487258522,98.0,37.0,CLEAN
801,6408.0,0.6293978516808398,0.4085970641193884,98.0,37.0,CLEAN
802,6416.0,0.5705993654152709,0.4076204718161565,98.0,37.0,CLEAN
803,6424.0,0.5098113416133866,0.4056672872096927,98.0,37.0,CLEAN
804,6432.0,0.46469475194371007,0.4056672872096927,98.0,37.0,CLEAN
805,6440.0,0.419608770543823,0.40469069490646076,98.0,37.0,CLEAN
806,6448.0,0.39019422327614384,0.40469069490646076,98.0,37.0,CLEAN
807,6456.0,0.3588207467419387,0.4056672872096927,98.0,37.0,CLEAN
808,6464.0,0.3549028882088867,0.4056672872096927,98.0,37.0,CLEAN
809,6472.0,0.34902610040930876,0.4066438795129246,98.0,37.0,CLEAN
810,6480.0,0.3392008458068894,0.4066438795129246,98.0,37.0,CLEAN
811,6488.0,0.3451082418762568,0.4066438795129246,98.0,37.0,CLEAN
812,6496.0,0.3549028882088867,0.4066438795129246,98.0,37.0,CLEAN
813,6504.0,0.3646975345415166,0.4066438795129246,98.0,37.0,CLEAN
814,6512.0,0.3588207467419387,0.4056672872096927,98.0,37.0,CLEAN
815,6520.0,0.3588207467419387,0.40469069490646076,98.0,37.0,CLEAN
816,6528.0,0.374522789143936,0.40273751029999694,98.0,37.0,CLEAN
817,6536.0,0.38039957694351395,0.4007843256935331,98.0,37.0,CLEAN
818,6544.0,0.39019422327614384,0.3978545487838374,98.0,37.0,CLEAN
819,6552.0,0.4039067281418257,0.39490951261940366,98.0,37.0,CLEAN
820,6560.0,0.4098141242111931,0.391003143406476,98.0,37.0,CLEAN
821,6568.0,0.3999888696087737,0.3880733664967803,98.0,37.0,CLEAN
822,6576.0,0.3941120818091958,0.38221381267738885,98.0,37.0,CLEAN
823,6584.0,0.3843174354765659,0.3773155919064913,98.0,37.0,CLEAN
824,6592.0,0.38039957694351395,0.369502853480636,98.0,37.0,CLEAN
825,6600.0,0.37057432234109455,0.36265144810327465,98.0,37.0,CLEAN
826,6608.0,0.3646975345415166,0.35386211737418743,98.0,37.0,CLEAN
827,6616.0,0.374522789143936,0.34603411969359416,98.0,37.0,CLEAN
828,6624.0,0.39019422327614384,0.33626819666127505,98.0,37.0,CLEAN
829,6632.0,0.4039067281418257,0.3274636066774499,98.0,37.0,CLEAN
830,6640.0,0.4156909120107711,0.3196508682515946,98.0,37.0,CLEAN
831,6648.0,0.4039067281418257,0.3108462782677694,98.0,37.0,CLEAN
832,6656.0,0.3999888696087737,0.3030335398419141,98.0,37.0,CLEAN
833,6664.0,0.38039957694351395,0.29618213446455277,98.0,37.0,CLEAN
834,6672.0,0.3549028882088867,0.28934598834192937,98.0,37.0,CLEAN
835,6680.0,0.3549028882088867,0.2834864345225379,98.0,37.0,CLEAN
836,6688.0,0.34902610040930876,0.27761162144840845,98.0,37.0,CLEAN
837,6696.0,0.374522789143936,0.27272865993224893,98.0,37.0,CLEAN
838,6704.0,0.3843174354765659,0.2688222907193213,98.0,37.0,CLEAN
839,6712.0,0.37057432234109455,0.26587725455488753,98.0,37.0,CLEAN
840,6720.0,0.34902610040930876,0.26294747764519183,98.0,37.0,CLEAN
841,6728.0,0.3392008458068894,0.260994293038728,98.0,37.0,CLEAN
842,6736.0,0.3549028882088867,0.26001770073549607,98.0,37.0,CLEAN
843,6744.0,0.34902610040930876,0.2590411084322642,98.0,37.0,CLEAN
844,6752.0,0.3588207467419387,0.2590411084322642,98.0,37.0,CLEAN
845,6760.0,0.2784434302747945,0.2590411084322642,98.0,37.0,CLEAN
846,6768.0,0.2647003171393232,0.25806451612903225,98.0,37.0,CLEAN
847,6776.0,0.9215537868213162,0.25806451612903225,98.0,37.0,CLEAN
848,6784.0,1.503906727835743,0.25806451612903225,98.0,37.0,CLEAN
849,6792.0,1.503906727835743,0.25806451612903225,98.0,37.0,CLEAN
850,6800.0,1.041170905158559,0.25708792382580037,98.0,37.0,CLEAN
851,6808.0,0.4706021480130775,0.25611133152256843,98.0,37.0,CLEAN
852,6816.0,0.4156909120107711,0.25513473921933655,98.0,37.0,CLEAN
853,6824.0,0.38039957694351395,0.2541581469161046,98.0,37.0,CLEAN
854,6832.0,0.374522789143936,0.25025177770317697,98.0,37.0,CLEAN
855,6840.0,0.34902610040930876,0.24730674153874324,98.0,37.0,CLEAN
856,6848.0,0.33528298727383743,0.2434003723258156,98.0,37.0,CLEAN
857,6856.0,0.3196115531416296,0.23949400311288796,98.0,37.0,CLEAN
858,6864.0,0.34902610040930876,0.2346110415967284,98.0,37.0,CLEAN
859,6872.0,0.3549028882088867,0.23068941312906277,98.0,37.0,CLEAN
860,6880.0,0.3451082418762568,0.22580645161290322,98.0,37.0,CLEAN
861,6888.0,0.38039957694351395,0.22092349009674367,98.0,37.0,CLEAN
862,6896.0,0.3843174354765659,0.2150486770226142,98.0,37.0,CLEAN
863,6904.0,0.39019422327614384,0.21016571550645466,98.0,37.0,CLEAN
864,6912.0,0.4039067281418257,0.20235297708059938,98.0,37.0,CLEAN
865,6920.0,0.4156909120107711,0.195501571703238,98.0,37.0,CLEAN
866,6928.0,0.42548555834340096,0.18866542558061464,98.0,37.0,CLEAN
867,6936.0,0.4392286714788723,0.18181402020325327,98.0,37.0,CLEAN
868,6944.0,0.46469475194371007,0.1749778740806299,98.0,37.0,CLEAN
869,6952.0,0.49410929921138924,0.16714987640003662,98.0,37.0,CLEAN
870,6960.0,0.5392258888810657,0.16129032258064516,98.0,37.0,CLEAN
871,6968.0,0.5803940117479008,0.1564073610644856,98.0,37.0,CLEAN
872,6976.0,0.6254799931477878,0.15150914029358806,98.0,37.0,CLEAN
873,6984.0,0.6764733706170423,0.14760277108066042,98.0,37.0,CLEAN
874,6992.0,0.7058879178847215,0.14369640186773278,98.0,37.0,CLEAN
875,7000.0,0.7411792529519786,0.14076662495803705,98.0,37.0,CLEAN
876,7008.0,0.7548917578176605,0.13783684804834131,98.0,37.0,CLEAN
877,7016.0,0.7509738992846084,0.1348918118839076,98.0,37.0,CLEAN
878,7024.0,0.7353024651524006,0.13391521958067568,98.0,37.0,CLEAN
879,7032.0,0.7058879178847215,0.13196203497421186,98.0,37.0,CLEAN
880,7040.0,0.6607713282150449,0.13098544267097995,98.0,37.0,CLEAN
881,7048.0,0.605890700482528,0.13098544267097995,98.0,37.0,CLEAN
882,7056.0,0.5509794644802216,0.13098544267097995,98.0,37.0,CLEAN
883,7064.0,0.5058934830803345,0.13196203497421186,98.0,37.0,CLEAN
884,7072.0,0.4607768934106581,0.13293862727744377,98.0,37.0,CLEAN
885,7080.0,0.42940341687645295,0.13391521958067568,98.0,37.0,CLEAN
886,7088.0,0.4098141242111931,0.1348918118839076,98.0,37.0,CLEAN
887,7096.0,0.4039067281418257,0.1358684041871395,98.0,37.0,CLEAN
888,7104.0,0.4039067281418257,0.1358684041871395,98.0,37.0,CLEAN
889,7112.0,0.3999888696087737,0.1368449964903714,98.0,37.0,CLEAN
890,7120.0,0.4039067281418257,0.1368449964903714,98.0,37.0,CLEAN
891,7128.0,0.42548555834340096,0.1368449964903714,98.0,37.0,CLEAN
892,7136.0,0.42940341687645295,0.1368449964903714,98.0,37.0,CLEAN
893,7144.0,0.4352802046760309,0.1368449964903714,98.0,37.0,CLEAN
894,7152.0,0.44510545927845024,0.1358684041871395,98.0,37.0,CLEAN
895,7160.0,0.44902331781150223,0.1348918118839076,98.0,37.0,CLEAN
896,7168.0,0.44902331781150223,0.13293862727744377,98.0,37.0,CLEAN
897,7176.0,0.44510545927845024,0.13098544267097995,98.0,37.0,CLEAN
898,7184.0,0.44510545927845024,0.12805566576128422,98.0,37.0,CLEAN
899,7192.0,0.44902331781150223,0.1261024811548204,98.0,37.0,CLEAN
900,7200.0,0.44902331781150223,0.12414929654835657,98.0,37.0,CLEAN
901,7208.0,0.4392286714788723,0.12121951963866084,98.0,37.0,CLEAN
902,7216.0,0.4352802046760309,0.1172978911709952,98.0,37.0,CLEAN
903,7224.0,0.4352802046760309,0.11339152195806756,98.0,37.0,CLEAN
904,7232.0,0.42548555834340096,0.1075319681386761,98.0,37.0,CLEAN
905,7240.0,0.419608770543823,0.10263374736777856,98.0,37.0,CLEAN
906,7248.0,0.419608770543823,0.09579760124515518,98.0,37.0,CLEAN
907,7256.0,0.4156909120107711,0.08993804742576372,98.0,37.0,CLEAN
908,7264.0,0.42940341687645295,0.08211004974517044,98.0,37.0,CLEAN
909,7272.0,0.4392286714788723,0.07527390362254707,98.0,37.0,CLEAN
910,7280.0,0.4352802046760309,0.06939909054841761,98.0,37.0,CLEAN
911,7288.0,0.42940341687645295,0.06353953672902615,98.0,37.0,CLEAN
912,7296.0,0.419608770543823,0.05963316751609851,98.0,37.0,CLEAN
913,7304.0,0.39019422327614384,0.05571153904843287,98.0,37.0,CLEAN
914,7312.0,0.38039957694351395,0.05180516983550523,98.0,37.0,CLEAN
915,7320.0,0.38039957694351395,0.0488753929258095,98.0,37.0,CLEAN
916,7328.0,0.3941120818091958,0.04594561601611377,98.0,37.0,CLEAN
917,7336.0,0.4039067281418257,0.04301583910641804,98.0,37.0,CLEAN
918,7344.0,0.39019422327614384,0.04106265449995422,98.0,37.0,CLEAN
919,7352.0,0.3843174354765659,0.0390942106387524,98.0,37.0,CLEAN
920,7360.0,0.38039957694351395,0.03811761833552049,98.0,37.0,CLEAN
921,7368.0,0.3588207467419387,0.03714102603228858,98.0,37.0,CLEAN
922,7376.0,0.3646975345415166,0.03616443372905667,98.0,37.0,CLEAN
923,7384.0,0.3588207467419387,0.03616443372905667,98.0,37.0,CLEAN
924,7392.0,0.374522789143936,0.03616443372905667,98.0,37.0,CLEAN
925,7400.0,0.29411486440700235,0.03616443372905667,98.0,37.0,CLEAN
926,7408.0,0.6509766818824151,0.03714102603228858,98.0,37.0,CLEAN
927,7416.0,1.503906727835743,0.03811761833552049,98.0,37.0,CLEAN
928,7424.0,1.503906727835743,0.04007080294198431,98.0,37.0,CLEAN
929,7432.0,1.503906727835743,0.04203924680318613,98.0,37.0,CLEAN
930,7440.0,0.5509794644802216,0.04496902371288186,98.0,37.0,CLEAN
931,7448.0,0.3588207467419387,0.04789880062257759,98.0,37.0,CLEAN
932,7456.0,0.38039957694351395,0.05180516983550523,98.0,37.0,CLEAN
933,7464.0,0.3549028882088867,0.05571153904843287,98.0,37.0,CLEAN
934,7472.0,0.3392008458068894,0.06060975981933042,98.0,37.0,CLEAN
935,7480.0,0.3294061994742595,0.06549272133548997,98.0,37.0,CLEAN
936,7488.0,0.3392008458068894,0.07135227515488143,98.0,37.0,CLEAN
937,7496.0,0.3392008458068894,0.07722708822901089,98.0,37.0,CLEAN
938,7504.0,0.33528298727383743,0.08308664204840235,98.0,37.0,CLEAN
939,7512.0,0.3392008458068894,0.08993804742576372,98.0,37.0,CLEAN
940,7520.0,0.3451082418762568,0.0967741935483871,98.0,37.0,CLEAN
941,7528.0,0.3588207467419387,0.10263374736777856,98.0,37.0,CLEAN
942,7536.0,0.3588207467419387,0.11143833735160374,98.0,37.0,CLEAN
943,7544.0,0.374522789143936,0.12022766808069094,98.0,37.0,CLEAN
944,7552.0,0.38039957694351395,0.13000885036774804,98.0,37.0,CLEAN
945,7560.0,0.39019422327614384,0.14076662495803705,98.0,37.0,CLEAN
946,7568.0,0.4098141242111931,0.15248573259681997,98.0,37.0,CLEAN
947,7576.0,0.42940341687645295,0.1651966917935728,98.0,37.0,CLEAN
948,7584.0,0.45490010561108013,0.17888424329355754,98.0,37.0,CLEAN
949,7592.0,0.49410929921138924,0.19257179479354228,98.0,37.0,CLEAN
950,7600.0,0.5392258888810657,0.2052827539902951,98.0,37.0,CLEAN
951,7608.0,0.5843118702809528,0.21897030549027985,98.0,37.0,CLEAN
952,7616.0,0.6353052477502072,0.23068941312906277,98.0,37.0,CLEAN
953,7624.0,0.6803912291500942,0.2434003723258156,98.0,37.0,CLEAN
954,7632.0,0.7058879178847215,0.25806451612903225,98.0,37.0,CLEAN
955,7640.0,0.7215593520169293,0.271752067629017,98.0,37.0,CLEAN
956,7648.0,0.7313846066193487,0.28641621143223367,98.0,37.0,CLEAN
957,7656.0,0.7215593520169293,0.30205694753868223,98.0,37.0,CLEAN
958,7664.0,0.6862680169496722,0.31574449903866697,98.0,37.0,CLEAN
959,7672.0,0.6411820355497851,0.3294167912839137,98.0,37.0,CLEAN
960,7680.0,0.5843118702809528,0.34310434278389845,98.0,37.0,CLEAN
961,7688.0,0.5058934830803345,0.35581530198065126,98.0,37.0,CLEAN
962,7696.0,0.45490010561108013,0.37047944578386793,98.0,37.0,CLEAN
963,7704.0,0.4039067281418257,0.38514358958708456,98.0,37.0,CLEAN
964,7712.0,0.3588207467419387,0.4007843256935331,98.0,37.0,CLEAN
965,7720.0,0.33528298727383743,0.4164250617999817,98.0,37.0,CLEAN
966,7728.0,0.3098169068089997,0.4330423902096622,98.0,37.0,CLEAN
967,7736.0,0.2901970058739504,0.44868312631611074,98.0,37.0,CLEAN
968,7744.0,0.29411486440700235,0.4662770470290231,98.0,37.0,CLEAN
969,7752.0,0.2901970058739504,0.48289437543870356,98.0,37.0,CLEAN
970,7760.0,0.28432021807437247,0.49755851924192024,98.0,37.0,CLEAN
971,7768.0,0.3098169068089997,0.5131992553483687,98.0,37.0,CLEAN
972,7776.0,0.3039095107396323,0.5268868068483535,98.0,37.0,CLEAN
973,7784.0,0.2999916522065803,0.5415509506515702,98.0,37.0,CLEAN
974,7792.0,0.3196115531416296,0.554246650593585,98.0,37.0,CLEAN
975,7800.0,0.3392008458068894,0.5679342020935697,98.0,37.0,CLEAN
976,7808.0,0.33528298727383743,0.5806451612903226,98.0,37.0,CLEAN
977,7816.0,0.3392008458068894,0.5933561204870754,98.0,37.0,CLEAN
978,7824.0,0.3549028882088867,0.6040986358226265,98.0,37.0,CLEAN
979,7832.0,0.3451082418762568,0.6148564104129154,98.0,37.0,CLEAN
980,7840.0,0.3549028882088867,0.6246375926999725,98.0,37.0,CLEAN
981,7848.0,0.34902610040930876,0.6334269234290597,98.0,37.0,CLEAN
982,7856.0,0.3392008458068894,0.6422315134128849,98.0,37.0,CLEAN
983,7864.0,0.33528298727383743,0.6510208441419721,98.0,37.0,CLEAN
984,7872.0,0.3392008458068894,0.6588488418225654,98.0,37.0,CLEAN
985,7880.0,0.3294061994742595,0.6676381725516526,98.0,37.0,CLEAN
986,7888.0,0.33528298727383743,0.6764427625354777,98.0,37.0,CLEAN
987,7896.0,0.33528298727383743,0.6852320932645649,98.0,37.0,CLEAN
988,7904.0,0.34902610040930876,0.6940366832483902,98.0,37.0,CLEAN
989,7912.0,0.3588207467419387,0.7038178655354472,98.0,37.0,CLEAN
990,7920.0,0.3549028882088867,0.7135837885677664,98.0,37.0,CLEAN
991,7928.0,0.3451082418762568,0.7223883785515915,98.0,37.0,CLEAN
992,7936.0,0.31373476534205164,0.7321543015839106,98.0,37.0,CLEAN
993,7944.0,0.3098169068089997,0.7419354838709677,98.0,37.0,CLEAN
994,7952.0,0.31373476534205164,0.7526932584612568,98.0,37.0,CLEAN
995,7960.0,0.3196115531416296,0.7644123661000397,98.0,37.0,CLEAN
996,7968.0,0.33528298727383743,0.7771233252967925,98.0,37.0,CLEAN
997,7976.0,0.3235294116746816,0.7898342844935453,98.0,37.0,CLEAN
998,7984.0,0.3294061994742595,0.8025452436902981,98.0,37.0,CLEAN
999,7992.0,0.3098169068089997,0.815256202887051,98.0,37.0,CLEAN
1000,8000.0,0.3098169068089997,0.8279519028290658,98.0,37.0,CLEAN
1001,8008.0,0.3294061994742595,0.8406628620258186,98.0,37.0,CLEAN
1002,8016.0,0.31373476534205164,0.8543504135258034,98.0,37.0,CLEAN
1003,8024.0,0.3196115531416296,0.8680379650257881,98.0,37.0,CLEAN
1004,8032.0,0.27449496347195307,0.8827021088290048,98.0,37.0,CLEAN
1005,8040.0,0.7509738992846084,0.8973662526322215,98.0,37.0,CLEAN
1006,8048.0,1.503906727835743,0.91300698873867,98.0,37.0,CLEAN
1007,8056.0,1.503906727835743,0.9286477248451186,98.0,37.0,CLEAN
1008,8064.0,1.407857977236391,0.945265053254799,98.0,37.0,CLEAN
1009,8072.0,0.4745200065461294,0.9609057893612476,98.0,37.0,CLEAN
1010,8080.0,0.3196115531416296,0.9755546739097263,98.0,37.0,CLEAN
1011,8088.0,0.3451082418762568,0.989242225409711,98.0,37.0,CLEAN
1012,8096.0,0.33528298727383743,0.9951170384838405,98.0,37.0,CLEAN
1013,8104.0,0.3392008458068894,1.0,98.0,37.0,CLEAN
1014,8112.0,0.31373476534205164,1.0,98.0,37.0,CLEAN
1015,8120.0,0.3098169068089997,1.0,98.0,37.0,CLEAN
1016,8128.0,0.31373476534205164,1.0,98.0,37.0,CLEAN
1017,8136.0,0.3196115531416296,1.0,98.0,37.0,CLEAN
1018,8144.0,0.31373476534205164,1.0,98.0,37.0,CLEAN
1019,8152.0,0.3235294116746816,1.0,98.0,37.0,CLEAN
1020,8160.0,0.3235294116746816,1.0,98.0,37.0,CLEAN
1021,8168.0,0.3294061994742595,1.0,98.0,37.0,CLEAN
1022,8176.0,0.33528298727383743,1.0,98.0,37.0,CLEAN
1023,8184.0,0.3451082418762568,1.0,98.0,37.0,CLEAN
1024,8192.0,0.3588207467419387,1.0,98.0,37.0,CLEAN
1025,8200.0,0.38039957694351395,1.0,98.0,37.0,CLEAN
1026,8208.0,0.4156909120107711,1.0,98.0,37.0,CLEAN
1027,8216.0,0.45490010561108013,1.0,98.0,37.0,CLEAN
1028,8224.0,0.4999860870109672,1.0,98.0,37.0,CLEAN
1029,8232.0,0.5548973230132735,1.0,98.0,37.0,CLEAN
1030,8240.0,0.6196032053482099,1.0,98.0,37.0,CLEAN
1031,8248.0,0.6901858754827241,1.0,98.0,37.0,CLEAN
1032,8256.0,0.7509738992846084,1.0,98.0,37.0,CLEAN
1033,8264.0,0.7901830928849176,1.0,98.0,37.0,CLEAN
1034,8272.0,0.8117619230864929,1.0,98.0,37.0,CLEAN
1035,8280.0,0.8215565694191228,1.0,98.0,37.0,CLEAN
1036,8288.0,0.8058851352869149,1.0,98.0,37.0,CLEAN
1037,8296.0,0.7666759416866058,1.0,98.0,37.0,CLEAN
1038,8304.0,0.7098057764177734,1.0,98.0,37.0,CLEAN
1039,8312.0,0.6293978516808398,1.0,98.0,37.0,CLEAN
1040,8320.0,0.5451026766806437,1.0,98.0,37.0,CLEAN
1041,8328.0,0.4745200065461294,1.0,98.0,37.0,CLEAN
1042,8336.0,0.419608770543823,1.0,98.0,37.0,CLEAN
1043,8344.0,0.3843174354765659,1.0,98.0,37.0,CLEAN
1044,8352.0,0.3392008458068894,1.0,98.0,37.0,CLEAN
1045,8360.0,0.2999916522065803,1.0,98.0,37.0,CLEAN
1046,8368.0,0.27449496347195307,1.0,98.0,37.0,CLEAN
1047,8376.0,0.28432021807437247,1.0,98.0,37.0,CLEAN
1048,8384.0,0.2901970058739504,1.0,98.0,37.0,CLEAN
1049,8392.0,0.29411486440700235,1.0,98.0,37.0,CLEAN
1050,8400.0,0.2999916522065803,1.0,98.0,37.0,CLEAN
1051,8408.0,0.3098169068089997,1.0,98.0,37.0,CLEAN
1052,8416.0,0.3235294116746816,1.0,98.0,37.0,CLEAN
1053,8424.0,0.3392008458068894,1.0,98.0,37.0,CLEAN
1054,8432.0,0.33528298727383743,1.0,98.0,37.0,CLEAN
1055,8440.0,0.3549028882088867,1.0,98.0,37.0,CLEAN
1056,8448.0,0.37057432234109455,1.0,98.0,37.0,CLEAN
1057,8456.0,0.374522789143936,1.0,98.0,37.0,CLEAN
1058,8464.0,0.37057432234109455,1.0,98.0,37.0,CLEAN
1059,8472.0,0.38039957694351395,1.0,98.0,37.0,CLEAN
1060,8480.0,0.38039957694351395,1.0,98.0,37.0,CLEAN
1061,8488.0,0.374522789143936,1.0,98.0,37.0,CLEAN
1062,8496.0,0.37057432234109455,0.9745780816064943,98.0,37.0,CLEAN
1063,8504.0,0.34902610040930876,0.9481948301644948,98.0,37.0,CLEAN
1064,8512.0,0.37057432234109455,0.9149601733451338,98.0,37.0,CLEAN
1065,8520.0,0.3588207467419387,0.8817255165257729,98.0,37.0,CLEAN
1066,8528.0,0.38039957694351395,0.84751426740318,98.0,37.0,CLEAN
1067,8536.0,0.3843174354765659,0.8123111667226173,98.0,37.0,CLEAN
1068,8544.0,0.3941120818091958,0.7780999176000244,98.0,37.0,CLEAN
1069,8552.0,0.4039067281418257,0.7438886684774315,98.0,37.0,CLEAN
1070,8560.0,0.3843174354765659,0.7135837885677664,98.0,37.0,CLEAN
1071,8568.0,0.38039957694351395,0.6832789086581011,98.0,37.0,CLEAN
1072,8576.0,0.34902610040930876,0.6568956572161015,98.0,37.0,CLEAN
1073,8584.0,0.3451082418762568,0.630497146519364,98.0,37.0,CLEAN
1074,8592.0,0.3392008458068894,0.6070436719870601,98.0,37.0,CLEAN
1075,8600.0,0.3646975345415166,0.5835749382000183,98.0,37.0,CLEAN
1076,8608.0,0.38039957694351395,0.5620746482741783,98.0,37.0,CLEAN
1077,8616.0,0.3588207467419387,0.5405743583483382,98.0,37.0,CLEAN
1078,8624.0,0.3588207467419387,0.5229651783806879,98.0,37.0,CLEAN
1079,8632.0,0.3392008458068894,0.5053712576677755,98.0,37.0,CLEAN
1080,8640.0,0.3451082418762568,0.48973052156132696,98.0,37.0,CLEAN
1081,8648.0,0.3549028882088867,0.4750663777581103,98.0,37.0,CLEAN
1082,8656.0,0.3549028882088867,0.46334727011932736,98.0,37.0,CLEAN
1083,8664.0,0.3392008458068894,0.45063631092257456,98.0,37.0,CLEAN
1084,8672.0,0.27449496347195307,0.44085512863551746,98.0,37.0,CLEAN
1085,8680.0,0.5843118702809528,0.43108920560319836,98.0,37.0,CLEAN
1086,8688.0,1.468615392768486,0.4232612079226051,98.0,37.0,CLEAN
1087,8696.0,1.503906727835743,0.4154484694967498,98.0,37.0,CLEAN
1088,8704.0,1.503906727835743,0.4085970641193884,98.0,37.0,CLEAN
1089,8712.0,0.6764733706170423,0.40176091799676505,98.0,37.0,CLEAN
1090,8720.0,0.42940341687645295,0.3959013641773736,98.0,37.0,CLEAN
1091,8728.0,0.4156909120107711,0.39002655110324413,98.0,37.0,CLEAN
1092,8736.0,0.3843174354765659,0.3841669972838527,98.0,37.0,CLEAN
1093,8744.0,0.3588207467419387,0.3792840357676931,98.0,37.0,CLEAN
1094,8752.0,0.3294061994742595,0.37340922269356364,98.0,37.0,CLEAN
1095,8760.0,0.3392008458068894,0.3675496688741722,98.0,37.0,CLEAN
1096,8768.0,0.3588207467419387,0.3616748558000427,98.0,37.0,CLEAN
1097,8776.0,0.37057432234109455,0.35581530198065126,98.0,37.0,CLEAN
1098,8784.0,0.3646975345415166,0.3499557481612598,98.0,37.0,CLEAN
1099,8792.0,0.3843174354765659,0.3450575273903623,98.0,37.0,CLEAN
1100,8800.0,0.38039957694351395,0.3401745658742027,98.0,37.0,CLEAN
1101,8808.0,0.39019422327614384,0.33529160435804317,98.0,37.0,CLEAN
1102,8816.0,0.4039067281418257,0.3303933835871456,98.0,37.0,CLEAN
1103,8824.0,0.4156909120107711,0.32551042207098607,98.0,37.0,CLEAN
1104,8832.0,0.42548555834340096,0.32160405285805843,98.0,37.0,CLEAN
1105,8840.0,0.4607768934106581,0.31672109134189885,98.0,37.0,CLEAN
1106,8848.0,0.4706021480130775,0.3127994628742332,98.0,37.0,CLEAN
1107,8856.0,0.49410929921138924,0.3098696859645375,98.0,37.0,CLEAN
1108,8864.0,0.5156881294129645,0.3079165013580737,98.0,37.0,CLEAN
1109,8872.0,0.5646919693459035,0.30596331675160987,98.0,37.0,CLEAN
1110,8880.0,0.60980855901558,0.30498672444837793,98.0,37.0,CLEAN
1111,8888.0,0.6705965828174644,0.30401013214514605,98.0,37.0,CLEAN
1112,8896.0,0.7156825642173513,0.30401013214514605,98.0,37.0,CLEAN
1113,8904.0,0.7411792529519786,0.30401013214514605,98.0,37.0,CLEAN
1114,8912.0,0.7607991538870279,0.30498672444837793,98.0,37.0,CLEAN
1115,8920.0,0.7803884465522877,0.30596331675160987,98.0,37.0,CLEAN
1116,8928.0,0.7862652343518657,0.3079165013580737,98.0,37.0,CLEAN
1117,8936.0,0.7411792529519786,0.3098696859645375,98.0,37.0,CLEAN
1118,8944.0,0.6960932715520916,0.3127994628742332,98.0,37.0,CLEAN
1119,8952.0,0.6353052477502072,0.31476790673543503,98.0,37.0,CLEAN
1120,8960.0,0.5745172239483228,0.3186742759483627,98.0,37.0,CLEAN
1121,8968.0,0.5196059879460164,0.32160405285805843,98.0,37.0,CLEAN
1122,8976.0,0.46469475194371007,0.32551042207098607,98.0,37.0,CLEAN
1123,8984.0,0.42548555834340096,0.3294167912839137,98.0,37.0,CLEAN
1124,8992.0,0.3999888696087737,0.33431501205481123,98.0,37.0,CLEAN
1125,9000.0,0.38039957694351395,0.3391979735709708,98.0,37.0,CLEAN
1126,9008.0,0.374522789143936,0.34408093508713034,98.0,37.0,CLEAN
1127,9016.0,0.3588207467419387,0.348002563554796,98.0,37.0,CLEAN
1128,9024.0,0.3549028882088867,0.35288552507095555,98.0,37.0,CLEAN
1129,9032.0,0.3549028882088867,0.3577684865871151,98.0,37.0,CLEAN
1130,9040.0,0.3588207467419387,0.36069826349681083,98.0,37.0,CLEAN
1131,9048.0,0.374522789143936,0.3646198919644765,98.0,37.0,CLEAN
1132,9056.0,0.37057432234109455,0.3675496688741722,98.0,37.0,CLEAN
1133,9064.0,0.374522789143936,0.369502853480636,98.0,37.0,CLEAN
1134,9072.0,0.37057432234109455,0.37047944578386793,98.0,37.0,CLEAN
1135,9080.0,0.39019422327614384,0.3714560380870998,98.0,37.0,CLEAN
1136,9088.0,0.3941120818091958,0.37047944578386793,98.0,37.0,CLEAN
1137,9096.0,0.39019422327614384,0.37047944578386793,98.0,37.0,CLEAN
1138,9104.0,0.4039067281418257,0.3685262611774041,98.0,37.0,CLEAN
1139,9112.0,0.4098141242111931,0.3665730765709403,98.0,37.0,CLEAN
1140,9120.0,0.3999888696087737,0.3646198919644765,98.0,37.0,CLEAN
1141,9128.0,0.4039067281418257,0.3616748558000427,98.0,37.0,CLEAN
1142,9136.0,0.4039067281418257,0.35581530198065126,98.0,37.0,CLEAN
1143,9144.0,0.39019422327614384,0.35093234046449173,98.0,37.0,CLEAN
1144,9152.0,0.3843174354765659,0.34310434278389845,98.0,37.0,CLEAN
1145,9160.0,0.3646975345415166,0.33529160435804317,98.0,37.0,CLEAN
1146,9168.0,0.3941120818091958,0.32648701437421795,98.0,37.0,CLEAN
1147,9176.0,0.4098141242111931,0.3176976836451308,98.0,37.0,CLEAN
1148,9184.0,0.42548555834340096,0.3079165013580737,98.0,37.0,CLEAN
1149,9192.0,0.42548555834340096,0.29912717062898647,98.0,37.0,CLEAN
1150,9200.0,0.4156909120107711,0.28934598834192937,98.0,37.0,CLEAN
1151,9208.0,0.4156909120107711,0.2805413983581042,98.0,37.0,CLEAN
1152,9216.0,0.37057432234109455,0.27272865993224893,98.0,37.0,CLEAN
1153,9224.0,0.3843174354765659,0.2639240699484237,98.0,37.0,CLEAN
1154,9232.0,0.38039957694351395,0.25611133152256843,98.0,37.0,CLEAN
1155,9240.0,0.3999888696087737,0.24828333384197515,98.0,37.0,CLEAN
1156,9248.0,0.39019422327614384,0.24047059541611987,98.0,37.0,CLEAN
1157,9256.0,0.38039957694351395,0.2336191900387585,98.0,37.0,CLEAN
1158,9264.0,0.3588207467419387,0.22775963621936704,98.0,37.0,CLEAN
1159,9272.0,0.3451082418762568,0.22190008239997558,98.0,37.0,CLEAN
1160,9280.0,0.37057432234109455,0.21799371318704794,98.0,37.0,CLEAN
1161,9288.0,0.3646975345415166,0.2140720847193823,98.0,37.0,CLEAN
1162,9296.0,0.3843174354765659,0.20918912320322275,98.0,37.0,CLEAN
1163,9304.0,0.3039095107396323,0.2043061616870632,98.0,37.0,CLEAN
1164,9312.0,0.2901970058739504,0.19940794091616565,98.0,37.0,CLEAN
1165,9320.0,0.8960877063564784,0.195501571703238,98.0,37.0,CLEAN
1166,9328.0,1.503906727835743,0.18964201788384655,98.0,37.0,CLEAN
1167,9336.0,1.503906727835743,0.184743797112949,98.0,37.0,CLEAN
1168,9344.0,1.0921642826278133,0.17986083559678945,98.0,37.0,CLEAN
1169,9352.0,0.49019144067833725,0.1749778740806299,98.0,37.0,CLEAN
1170,9360.0,0.42548555834340096,0.17009491256447035,98.0,37.0,CLEAN
1171,9368.0,0.4039067281418257,0.1651966917935728,98.0,37.0,CLEAN
1172,9376.0,0.38039957694351395,0.16129032258064516,98.0,37.0,CLEAN
1173,9384.0,0.374522789143936,0.1564073610644856,98.0,37.0,CLEAN
1174,9392.0,0.3549028882088867,0.15053254799035615,98.0,37.0,CLEAN
1175,9400.0,0.37057432234109455,0.1456495864741966,98.0,37.0,CLEAN
1176,9408.0,0.3999888696087737,0.13881344035157323,98.0,37.0,CLEAN
1177,9416.0,0.4156909120107711,0.13293862727744377,98.0,37.0,CLEAN
1178,9424.0,0.42548555834340096,0.1270790734580523,98.0,37.0,CLEAN
1179,9432.0,0.4607768934106581,0.12121951963866084,98.0,37.0,CLEAN
1180,9440.0,0.4706021480130775,0.11534470656453139,98.0,37.0,CLEAN
1181,9448.0,0.4706021480130775,0.10948515274513992,98.0,37.0,CLEAN
1182,9456.0,0.48431465287875936,0.10361033967101047,98.0,37.0,CLEAN
1183,9464.0,0.4999860870109672,0.097750785851619,98.0,37.0,CLEAN
1184,9472.0,0.5156881294129645,0.09189123203222754,98.0,37.0,CLEAN
1185,9480.0,0.5353080303480138,0.08601641895809808,98.0,37.0,CLEAN
1186,9488.0,0.5548973230132735,0.08015686513870662,98.0,37.0,CLEAN
1187,9496.0,0.5803940117479008,0.07429731131931516,98.0,37.0,CLEAN
1188,9504.0,0.615685346815158,0.06939909054841761,98.0,37.0,CLEAN
1189,9512.0,0.654894540415467,0.06451612903225806,98.0,37.0,CLEAN
1190,9520.0,0.6901858754827241,0.06158635212256233,98.0,37.0,CLEAN
1191,9528.0,0.7450971114850305,0.05767998290963469,98.0,37.0,CLEAN
1192,9536.0,0.7803884465522877,0.05473494674520096,98.0,37.0,CLEAN
1193,9544.0,0.800008347487337,0.05278176213873714,98.0,37.0,CLEAN
1194,9552.0,0.8156797816195448,0.05180516983550523,98.0,37.0,CLEAN
1195,9560.0,0.8255050362219641,0.04985198522904141,98.0,37.0,CLEAN
1196,9568.0,0.796090488954285,0.04985198522904141,98.0,37.0,CLEAN
1197,9576.0,0.7509738992846084,0.04985198522904141,98.0,37.0,CLEAN
1198,9584.0,0.6960932715520916,0.05082857753227332,98.0,37.0,CLEAN
1199,9592.0,0.6450998940828371,0.05082857753227332,98.0,37.0,CLEAN
1200,9600.0,0.5745172239483228,0.05180516983550523,98.0,37.0,CLEAN
1201,9608.0,0.5098113416133866,0.05375835444196905,98.0,37.0,CLEAN
1202,9616.0,0.4607768934106581,0.05375835444196905,98.0,37.0,CLEAN
1203,9624.0,0.419608770543823,0.05473494674520096,98.0,37.0,CLEAN
1204,9632.0,0.39019422327614384,0.05473494674520096,98.0,37.0,CLEAN
1205,9640.0,0.37057432234109455,0.05473494674520096,98.0,37.0,CLEAN
1206,9648.0,0.3646975345415166,0.05375835444196905,98.0,37.0,CLEAN
1207,9656.0,0.3549028882088867,0.05278176213873714,98.0,37.0,CLEAN
1208,9664.0,0.3549028882088867,0.05082857753227332,98.0,37.0,CLEAN
1209,9672.0,0.3588207467419387,0.04985198522904141,98.0,37.0,CLEAN
1210,9680.0,0.3549028882088867,0.04789880062257759,98.0,37.0,CLEAN
1211,9688.0,0.37057432234109455,0.04594561601611377,98.0,37.0,CLEAN
1212,9696.0,0.38039957694351395,0.04301583910641804,98.0,37.0,CLEAN
1213,9704.0,0.374522789143936,0.04007080294198431,98.0,37.0,CLEAN
1214,9712.0,0.38039957694351395,0.03616443372905667,98.0,37.0,CLEAN
1215,9720.0,0.3843174354765659,0.03225806451612903,98.0,37.0,CLEAN
1216,9728.0,0.3843174354765659,0.02835169530320139,98.0,37.0,CLEAN
1217,9736.0,0.3843174354765659,0.023453474532303842,98.0,37.0,CLEAN
1218,9744.0,0.39019422327614384,0.02052369762260811,98.0,37.0,CLEAN
1219,9752.0,0.374522789143936,0.01661732840968047,98.0,37.0,CLEAN
1220,9760.0,0.37057432234109455,0.01466414380321665,98.0,37.0,CLEAN
1221,9768.0,0.3646975345415166,0.01271095919675283,98.0,37.0,CLEAN
1222,9776.0,0.3549028882088867,0.01173436689352092,98.0,37.0,CLEAN
1223,9784.0,0.3392008458068894,0.01075777459028901,98.0,37.0,CLEAN
1224,9792.0,0.34902610040930876,0.0097811822870571,98.0,37.0,CLEAN
1225,9800.0,0.3588207467419387,0.0097811822870571,98.0,37.0,CLEAN
1226,9808.0,0.374522789143936,0.01271095919675283,98.0,37.0,CLEAN
1227,9816.0,0.37057432234109455,0.01564073610644856,98.0,37.0,CLEAN
1228,9824.0,0.3588207467419387,0.02052369762260811,98.0,37.0,CLEAN
1229,9832.0,0.37057432234109455,0.02542191839350566,98.0,37.0,CLEAN
1230,9840.0,0.3451082418762568,0.03225806451612903,98.0,37.0,CLEAN
1231,9848.0,0.3196115531416296,0.0390942106387524,98.0,37.0,CLEAN
1232,9856.0,0.31373476534205164,0.04789880062257759,98.0,37.0,CLEAN
1233,9864.0,0.3196115531416296,0.05571153904843287,98.0,37.0,CLEAN
1234,9872.0,0.3451082418762568,0.0684224982451857,98.0,37.0,CLEAN
1235,9880.0,0.3392008458068894,0.08015686513870662,98.0,37.0,CLEAN
1236,9888.0,0.33528298727383743,0.09482100894192327,98.0,37.0,CLEAN
1237,9896.0,0.3196115531416296,0.11046174504837183,98.0,37.0,CLEAN
1238,9904.0,0.3098169068089997,0.12512588885158848,98.0,37.0,CLEAN
1239,9912.0,0.3196115531416296,0.14076662495803705,98.0,37.0,CLEAN
1240,9920.0,0.3098169068089997,0.1564073610644856,98.0,37.0,CLEAN
1241,9928.0,0.3098169068089997,0.17204809717093417,98.0,37.0,CLEAN
1242,9936.0,0.2549056708066933,0.19061861018707846,98.0,37.0,CLEAN
1243,9944.0,0.24902888300711534,0.21016571550645466,98.0,37.0,CLEAN
1244,9952.0,0.9156769990217383,0.23166600543229468,98.0,37.0,CLEAN
1245,9960.0,1.503906727835743,0.25318155461287273,98.0,37.0,CLEAN
1246,9968.0,1.503906727835743,0.27565843684194463,98.0,37.0,CLEAN
1247,9976.0,1.0509655514911889,0.29912717062898647,98.0,37.0,CLEAN
1248,9984.0,0.3646975345415166,0.32160405285805843,98.0,37.0,CLEAN
1249,9992.0,0.3039095107396323,0.34408093508713034,98.0,37.0,CLEAN
1250,10000.0,0.3294061994742595,0.36364329966124453,98.0,37.0,CLEAN
1251,10008.0,0.3039095107396323,0.3841669972838527,98.0,37.0,CLEAN
1252,10016.0,0.2999916522065803,0.40176091799676505,98.0,37.0,CLEAN
1253,10024.0,0.28432021807437247,0.41935483870967744,98.0,37.0,CLEAN
1254,10032.0,0.2901970058739504,0.4359721671193579,98.0,37.0,CLEAN
1255,10040.0,0.3098169068089997,0.4525894955290384,98.0,37.0,CLEAN
1256,10048.0,0.31373476534205164,0.4692068239387188,98.0,37.0,CLEAN
1257,10056.0,0.3235294116746816,0.4848475600451674,98.0,37.0,CLEAN
1258,10064.0,0.33528298727383743,0.49755851924192024,98.0,37.0,CLEAN
1259,10072.0,0.33528298727383743,0.511246070741905,98.0,37.0,CLEAN
1260,10080.0,0.3451082418762568,0.5229651783806879,98.0,37.0,CLEAN
1261,10088.0,0.3646975345415166,0.5346995452742088,98.0,37.0,CLEAN
1262,10096.0,0.374522789143936,0.5454573198644979,98.0,37.0,CLEAN
1263,10104.0,0.39019422327614384,0.5571916867580188,98.0,37.0,CLEAN
1264,10112.0,0.42548555834340096,0.5679342020935697,98.0,37.0,CLEAN
1265,10120.0,0.44510545927845024,0.5796685689870906,98.0,37.0,CLEAN
1266,10128.0,0.48039679434570737,0.5914029358806115,98.0,37.0,CLEAN
1267,10136.0,0.5254827757455944,0.6031220435193945,98.0,37.0,CLEAN
1268,10144.0,0.5548973230132735,0.6158330027161474,98.0,37.0,CLEAN
1269,10152.0,0.6196032053482099,0.6285439619129002,98.0,37.0,CLEAN
1270,10160.0,0.6705965828174644,0.6393017365031892,98.0,37.0,CLEAN
1271,10168.0,0.7254772105499813,0.6500442518387402,98.0,37.0,CLEAN
1272,10176.0,0.7450971114850305,0.6608020264290292,98.0,37.0,CLEAN
1273,10184.0,0.7411792529519786,0.6715598010193182,98.0,37.0,CLEAN
1274,10192.0,0.7548917578176605,0.684255500961333,98.0,37.0,CLEAN
1275,10200.0,0.7254772105499813,0.6969664601580858,98.0,37.0,CLEAN
1276,10208.0,0.6901858754827241,0.7106540116580706,98.0,37.0,CLEAN
1277,10216.0,0.6254799931477878,0.7253181554612873,98.0,37.0,CLEAN
1278,10224.0,0.5646919693459035,0.7380291146580401,98.0,37.0,CLEAN
1279,10232.0,0.48431465287875936,0.7517166661580248,98.0,37.0,CLEAN
1280,10240.0,0.42940341687645295,0.7644123661000397,98.0,37.0,CLEAN
1281,10248.0,0.3646975345415166,0.7771233252967925,98.0,37.0,CLEAN
1282,10256.0,0.3294061994742595,0.7927640614032411,98.0,37.0,CLEAN
1283,10264.0,0.3039095107396323,0.8084047975096896,98.0,37.0,CLEAN
1284,10272.0,0.2901970058739504,0.825998718222602,98.0,37.0,CLEAN
1285,10280.0,0.28432021807437247,0.8435926389355144,98.0,37.0,CLEAN
1286,10288.0,0.2784434302747945,0.8621631519516587,98.0,37.0,CLEAN
1287,10296.0,0.27449496347195307,0.8807489242225409,98.0,37.0,CLEAN
1288,10304.0,0.2784434302747945,0.8993194372386852,98.0,37.0,CLEAN
1289,10312.0,0.27449496347195307,0.9188665425580614,98.0,37.0,CLEAN
1290,10320.0,0.29411486440700235,0.9354838709677419,98.0,37.0,CLEAN
1291,10328.0,0.3039095107396323,0.9521011993774224,98.0,37.0,CLEAN
1292,10336.0,0.3098169068089997,0.966765343180639,98.0,37.0,CLEAN
1293,10344.0,0.3235294116746816,0.9814294869838557,98.0,37.0,CLEAN
1294,10352.0,0.3294061994742595,0.9902188177129428,98.0,37.0,CLEAN
1295,10360.0,0.33528298727383743,1.0,98.0,37.0,CLEAN
1296,10368.0,0.33528298727383743,1.0,98.0,37.0,CLEAN
1297,10376.0,0.33528298727383743,1.0,98.0,37.0,CLEAN
1298,10384.0,0.3235294116746816,1.0,98.0,37.0,CLEAN
1299,10392.0,0.3196115531416296,1.0,98.0,37.0,CLEAN
1300,10400.0,0.3098169068089997,1.0,98.0,37.0,CLEAN
1301,10408.0,0.2999916522065803,1.0,98.0,37.0,CLEAN
1302,10416.0,0.29411486440700235,1.0,98.0,37.0,CLEAN
1303,10424.0,0.2999916522065803,1.0,98.0,37.0,CLEAN
1304,10432.0,0.3098169068089997,1.0,98.0,37.0,CLEAN
1305,10440.0,0.31373476534205164,1.0,98.0,37.0,CLEAN
1306,10448.0,0.3235294116746816,1.0,98.0,37.0,CLEAN
1307,10456.0,0.3294061994742595,1.0,98.0,37.0,CLEAN
1308,10464.0,0.3294061994742595,1.0,98.0,37.0,CLEAN
1309,10472.0,0.3235294116746816,1.0,98.0,37.0,CLEAN
1310,10480.0,0.3039095107396323,1.0,98.0,37.0,CLEAN
1311,10488.0,0.3039095107396323,1.0,98.0,37.0,CLEAN
1312,10496.0,0.31373476534205164,1.0,98.0,37.0,CLEAN
1313,10504.0,0.33528298727383743,1.0,98.0,37.0,CLEAN
1314,10512.0,0.3451082418762568,1.0,98.0,37.0,CLEAN
1315,10520.0,0.33528298727383743,1.0,98.0,37.0,CLEAN
1316,10528.0,0.34902610040930876,1.0,98.0,37.0,CLEAN
1317,10536.0,0.3294061994742595,1.0,98.0,37.0,CLEAN
1318,10544.0,0.3392008458068894,1.0,98.0,37.0,CLEAN
1319,10552.0,0.3294061994742595,1.0,98.0,37.0,CLEAN
1320,10560.0,0.3392008458068894,1.0,98.0,37.0,CLEAN
1321,10568.0,0.2999916522065803,1.0,98.0,37.0,CLEAN
1322,10576.0,0.2549056708066933,1.0,98.0,37.0,CLEAN
1323,10584.0,0.6607713282150449,1.0,98.0,37.0,CLEAN
1324,10592.0,1.503906727835743,1.0,98.0,37.0,CLEAN
1325,10600.0,1.503906727835743,1.0,98.0,37.0,CLEAN
1326,10608.0,1.45686181716933,1.0,98.0,37.0,CLEAN
1327,10616.0,0.5058934830803345,1.0,98.0,37.0,CLEAN
1328,10624.0,0.34902610040930876,1.0,98.0,37.0,CLEAN
1329,10632.0,0.3646975345415166,1.0,98.0,37.0,CLEAN
1330,10640.0,0.3451082418762568,1.0,98.0,37.0,CLEAN
1331,10648.0,0.33528298727383743,1.0,98.0,37.0,CLEAN
1332,10656.0,0.3196115531416296,1.0,98.0,37.0,CLEAN
1333,10664.0,0.3098169068089997,1.0,98.0,37.0,CLEAN
1334,10672.0,0.3294061994742595,1.0,98.0,37.0,CLEAN
1335,10680.0,0.33528298727383743,1.0,98.0,37.0,CLEAN
1336,10688.0,0.3549028882088867,1.0,98.0,37.0,CLEAN
1337,10696.0,0.3588207467419387,1.0,98.0,37.0,CLEAN
1338,10704.0,0.3646975345415166,1.0,98.0,37.0,CLEAN
1339,10712.0,0.374522789143936,1.0,98.0,37.0,CLEAN
1340,10720.0,0.3941120818091958,1.0,98.0,37.0,CLEAN
1341,10728.0,0.4098141242111931,1.0,98.0,37.0,CLEAN
1342,10736.0,0.4039067281418257,1.0,98.0,37.0,CLEAN
1343,10744.0,0.44902331781150223,1.0,98.0,37.0,CLEAN
1344,10752.0,0.4607768934106581,1.0,98.0,37.0,CLEAN
1345,10760.0,0.4999860870109672,1.0,98.0,37.0,CLEAN
1346,10768.0,0.5353080303480138,1.0,98.0,37.0,CLEAN
1347,10776.0,0.5745172239483228,1.0,98.0,37.0,CLEAN
1348,10784.0,0.615685346815158,0.9941404461806085,98.0,37.0,CLEAN
1349,10792.0,0.6705965828174644,0.9872890408032472,98.0,37.0,CLEAN
1350,10800.0,0.7156825642173513,0.9657887508774071,98.0,37.0,CLEAN
1351,10808.0,0.7548917578176605,0.9432966093935972,98.0,37.0,CLEAN
1352,10816.0,0.7764705880192357,0.9227729117709891,98.0,37.0,CLEAN
1353,10824.0,0.7666759416866058,0.9032258064516129,98.0,37.0,CLEAN
1354,10832.0,0.7803884465522877,0.8817255165257729,98.0,37.0,CLEAN
1355,10840.0,0.7411792529519786,0.8611865596484267,98.0,37.0,CLEAN
1356,10848.0,0.6901858754827241,0.8406628620258186,98.0,37.0,CLEAN
1357,10856.0,0.6196032053482099,0.8191625720999787,98.0,37.0,CLEAN
1358,10864.0,0.5607741108128516,0.8005920590838344,98.0,37.0,CLEAN
1359,10872.0,0.49410929921138924,0.782006286812952,98.0,37.0,CLEAN
1360,10880.0,0.4392286714788723,0.7644123661000397,98.0,37.0,CLEAN
1361,10888.0,0.4039067281418257,0.7477950376903592,98.0,37.0,CLEAN
1362,10896.0,0.374522789143936,0.7311777092806787,98.0,37.0,CLEAN
1363,10904.0,0.3451082418762568,0.7155369731742302,98.0,37.0,CLEAN
1364,10912.0,0.3392008458068894,0.6998962370677816,98.0,37.0,CLEAN
1365,10920.0,0.3294061994742595,0.684255500961333,98.0,37.0,CLEAN
1366,10928.0,0.3235294116746816,0.6686147648548845,98.0,37.0,CLEAN
1367,10936.0,0.3196115531416296,0.6539658803064058,98.0,37.0,CLEAN
1368,10944.0,0.3235294116746816,0.6383251441999572,98.0,37.0,CLEAN
1369,10952.0,0.34902610040930876,0.6236610003967407,98.0,37.0,CLEAN
1370,10960.0,0.34902610040930876,0.6099734488967559,98.0,37.0,CLEAN
1371,10968.0,0.3588207467419387,0.5962858973967712,98.0,37.0,CLEAN
1372,10976.0,0.374522789143936,0.5825983458967864,98.0,37.0,CLEAN
1373,10984.0,0.37057432234109455,0.5698873867000336,98.0,37.0,CLEAN
1374,10992.0,0.38039957694351395,0.5561998352000488,98.0,37.0,CLEAN
1375,11000.0,0.3843174354765659,0.5415509506515702,98.0,37.0,CLEAN
1376,11008.0,0.39019422327614384,0.5268868068483535,98.0,37.0,CLEAN
1377,11016.0,0.39019422327614384,0.511246070741905,98.0,37.0,CLEAN
1378,11024.0,0.3999888696087737,0.4965819269386883,98.0,37.0,CLEAN
1379,11032.0,0.38039957694351395,0.4819177831354717,98.0,37.0,CLEAN
1380,11040.0,0.374522789143936,0.46823023163548694,98.0,37.0,CLEAN
1381,11048.0,0.3646975345415166,0.4545426801355022,98.0,37.0,CLEAN
1382,11056.0,0.374522789143936,0.44085512863551746,98.0,37.0,CLEAN
1383,11064.0,0.3646975345415166,0.4261909848323008,98.0,37.0,CLEAN
1384,11072.0,0.3843174354765659,0.41154210028382215,98.0,37.0,CLEAN
1385,11080.0,0.4039067281418257,0.3968779564806055,98.0,37.0,CLEAN
1386,11088.0,0.3999888696087737,0.38319040498062074,98.0,37.0,CLEAN
1387,11096.0,0.39019422327614384,0.37047944578386793,98.0,37.0,CLEAN
1388,11104.0,0.4039067281418257,0.3577684865871151,98.0,37.0,CLEAN
1389,11112.0,0.3843174354765659,0.34603411969359416,98.0,37.0,CLEAN
1390,11120.0,0.34902610040930876,0.33626819666127505,98.0,37.0,CLEAN
1391,11128.0,0.34902610040930876,0.32648701437421795,98.0,37.0,CLEAN
1392,11136.0,0.3549028882088867,0.3186742759483627,98.0,37.0,CLEAN
1393,11144.0,0.37057432234109455,0.3108462782677694,98.0,37.0,CLEAN
1394,11152.0,0.3646975345415166,0.30693990905484175,98.0,37.0,CLEAN
1395,11160.0,0.37057432234109455,0.30205694753868223,98.0,37.0,CLEAN
1396,11168.0,0.3549028882088867,0.3001037629322184,98.0,37.0,CLEAN
1397,11176.0,0.3392008458068894,0.2981353190710166,98.0,37.0,CLEAN
1398,11184.0,0.3451082418762568,0.2981353190710166,98.0,37.0,CLEAN
1399,11192.0,0.3392008458068894,0.29715872676778465,98.0,37.0,CLEAN
1400,11200.0,0.3451082418762568,0.29715872676778465,98.0,37.0,CLEAN
1401,11208.0,0.2784434302747945,0.29715872676778465,98.0,37.0,CLEAN
1402,11216.0,0.26861817567237517,0.29912717062898647,98.0,37.0,CLEAN
1403,11224.0,0.9705882350240447,0.30205694753868223,98.0,37.0,CLEAN
1404,11232.0,1.503906727835743,0.30498672444837793,98.0,37.0,CLEAN
1405,11240.0,1.503906727835743,0.3088930936613056,98.0,37.0,CLEAN
1406,11248.0,1.027458400292877,0.3127994628742332,98.0,37.0,CLEAN
1407,11256.0,0.49019144067833725,0.31574449903866697,98.0,37.0,CLEAN
1408,11264.0,0.42548555834340096,0.3176976836451308,98.0,37.0,CLEAN
1409,11272.0,0.3999888696087737,0.3206274605548265,98.0,37.0,CLEAN
1410,11280.0,0.374522789143936,0.32160405285805843,98.0,37.0,CLEAN
1411,11288.0,0.34902610040930876,0.32355723746452225,98.0,37.0,CLEAN
1412,11296.0,0.33528298727383743,0.32453382976775413,98.0,37.0,CLEAN
1413,11304.0,0.3451082418762568,0.32551042207098607,98.0,37.0,CLEAN
1414,11312.0,0.374522789143936,0.32551042207098607,98.0,37.0,CLEAN
1415,11320.0,0.34902610040930876,0.32551042207098607,98.0,37.0,CLEAN
1416,11328.0,0.3588207467419387,0.32355723746452225,98.0,37.0,CLEAN
1417,11336.0,0.374522789143936,0.3225806451612903,98.0,37.0,CLEAN
1418,11344.0,0.38039957694351395,0.3206274605548265,98.0,37.0,CLEAN
1419,11352.0,0.3843174354765659,0.3196508682515946,98.0,37.0,CLEAN
1420,11360.0,0.3941120818091958,0.3176976836451308,98.0,37.0,CLEAN
1421,11368.0,0.4098141242111931,0.31574449903866697,98.0,37.0,CLEAN
1422,11376.0,0.4156909120107711,0.3127994628742332,98.0,37.0,CLEAN
1423,11384.0,0.4392286714788723,0.3108462782677694,98.0,37.0,CLEAN
1424,11392.0,0.4607768934106581,0.30693990905484175,98.0,37.0,CLEAN
1425,11400.0,0.48039679434570737,0.30401013214514605,98.0,37.0,CLEAN
1426,11408.0,0.5254827757455944,0.30205694753868223,98.0,37.0,CLEAN
1427,11416.0,0.5705993654152709,0.29912717062898647,98.0,37.0,CLEAN
1428,11424.0,0.60980855901558,0.29715872676778465,98.0,37.0,CLEAN
1429,11432.0,0.6607713282150449,0.29520554216132083,98.0,37.0,CLEAN
1430,11440.0,0.7000111300851435,0.29422894985808895,98.0,37.0,CLEAN
1431,11448.0,0.7215593520169293,0.29227576525162513,98.0,37.0,CLEAN
1432,11456.0,0.7353024651524006,0.2912991729483932,98.0,37.0,CLEAN
1433,11464.0,0.7353024651524006,0.2903225806451613,98.0,37.0,CLEAN
1434,11472.0,0.7254772105499813,0.28934598834192937,98.0,37.0,CLEAN
1435,11480.0,0.6901858754827241,0.2883693960386975,98.0,37.0,CLEAN
1436,11488.0,0.6509766818824151,0.28739280373546555,98.0,37.0,CLEAN
1437,11496.0,0.5901886580805307,0.28641621143223367,98.0,37.0,CLEAN
1438,11504.0,0.5353080303480138,0.28641621143223367,98.0,37.0,CLEAN
1439,11512.0,0.48039679434570737,0.28543961912900173,98.0,37.0,CLEAN
1440,11520.0,0.4352802046760309,0.28446302682576985,98.0,37.0,CLEAN
1441,11528.0,0.3941120818091958,0.28446302682576985,98.0,37.0,CLEAN
1442,11536.0,0.37057432234109455,0.2834864345225379,98.0,37.0,CLEAN
1443,11544.0,0.3549028882088867,0.28250984221930603,98.0,37.0,CLEAN
1444,11552.0,0.34902610040930876,0.2805413983581042,98.0,37.0,CLEAN
1445,11560.0,0.3451082418762568,0.2795648060548723,98.0,37.0,CLEAN
1446,11568.0,0.3549028882088867,0.27565843684194463,98.0,37.0,CLEAN
1447,11576.0,0.34902610040930876,0.27272865993224893,98.0,37.0,CLEAN
1448,11584.0,0.3646975345415166,0.26784569841608935,98.0,37.0,CLEAN
1449,11592.0,0.37057432234109455,0.26294747764519183,98.0,37.0,CLEAN
1450,11600.0,0.374522789143936,0.25806451612903225,98.0,37.0,CLEAN
1451,11608.0,0.37057432234109455,0.25318155461287273,98.0,37.0,CLEAN
1452,11616.0,0.374522789143936,0.24730674153874324,98.0,37.0,CLEAN
1453,11624.0,0.374522789143936,0.24144718771935178,98.0,37.0,CLEAN
1454,11632.0,0.38039957694351395,0.2336191900387585,98.0,37.0,CLEAN
1455,11640.0,0.39019422327614384,0.22580645161290322,98.0,37.0,CLEAN
1456,11648.0,0.3941120818091958,0.21799371318704794,98.0,37.0,CLEAN
1457,11656.0,0.3941120818091958,0.20918912320322275,98.0,37.0,CLEAN
1458,11664.0,0.3999888696087737,0.20136112552262947,98.0,37.0,CLEAN
1459,11672.0,0.3999888696087737,0.19257179479354228,98.0,37.0,CLEAN
1460,11680.0,0.3843174354765659,0.184743797112949,98.0,37.0,CLEAN
1461,11688.0,0.374522789143936,0.17790765099032563,98.0,37.0,CLEAN
1462,11696.0,0.374522789143936,0.16812646870326853,98.0,37.0,CLEAN
1463,11704.0,0.37057432234109455,0.15933713797418134,98.0,37.0,CLEAN
1464,11712.0,0.4039067281418257,0.14955595568712424,98.0,37.0,CLEAN
1465,11720.0,0.42548555834340096,0.13979003265480514,98.0,37.0,CLEAN
1466,11728.0,0.4098141242111931,0.13000885036774804,98.0,37.0,CLEAN
1467,11736.0,0.4039067281418257,0.12022766808069094,98.0,37.0,CLEAN
1468,11744.0,0.3843174354765659,0.11143833735160374,98.0,37.0,CLEAN
1469,11752.0,0.3549028882088867,0.10361033967101047,98.0,37.0,CLEAN
1470,11760.0,0.3549028882088867,0.0967741935483871,98.0,37.0,CLEAN
1471,11768.0,0.3549028882088867,0.08993804742576372,98.0,37.0,CLEAN
1472,11776.0,0.374522789143936,0.08503982665486617,98.0,37.0,CLEAN
1473,11784.0,0.38039957694351395,0.08113345744193853,98.0,37.0,CLEAN
1474,11792.0,0.374522789143936,0.0782036805322428,98.0,37.0,CLEAN
1475,11800.0,0.38039957694351395,0.07527390362254707,98.0,37.0,CLEAN
1476,11808.0,0.3646975345415166,0.07332071901608325,98.0,37.0,CLEAN
1477,11816.0,0.37057432234109455,0.07232886745811334,98.0,37.0,CLEAN
1478,11824.0,0.3843174354765659,0.07135227515488143,98.0,37.0,CLEAN
1479,11832.0,0.3999888696087737,0.07135227515488143,98.0,37.0,CLEAN
1480,11840.0,0.34902610040930876,0.07135227515488143,98.0,37.0,CLEAN
1481,11848.0,0.3196115531416296,0.07135227515488143,98.0,37.0,CLEAN
1482,11856.0,0.9058823526891083,0.07135227515488143,98.0,37.0,CLEAN
1483,11864.0,1.503906727835743,0.07135227515488143,98.0,37.0,CLEAN
1484,11872.0,1.503906727835743,0.07037568285164952,98.0,37.0,CLEAN
1485,11880.0,1.1568701649627497,0.07037568285164952,98.0,37.0,CLEAN
1486,11888.0,0.5098113416133866,0.06939909054841761,98.0,37.0,CLEAN
1487,11896.0,0.44510545927845024,0.0684224982451857,98.0,37.0,CLEAN
1488,11904.0,0.4352802046760309,0.0674459059419538,98.0,37.0,CLEAN
1489,11912.0,0.4156909120107711,0.06646931363872188,98.0,37.0,CLEAN
1490,11920.0,0.3941120818091958,0.06451612903225806,98.0,37.0,CLEAN
1491,11928.0,0.3646975345415166,0.06353953672902615,98.0,37.0,CLEAN
1492,11936.0,0.3549028882088867,0.06256294442579424,98.0,37.0,CLEAN
1493,11944.0,0.38039957694351395,0.06060975981933042,98.0,37.0,CLEAN
1494,11952.0,0.4039067281418257,0.0586565752128666,98.0,37.0,CLEAN
1495,11960.0,0.39019422327614384,0.05670339060640278,98.0,37.0,CLEAN
1496,11968.0,0.4039067281418257,0.05473494674520096,98.0,37.0,CLEAN
1497,11976.0,0.42548555834340096,0.05278176213873714,98.0,37.0,CLEAN
1498,11984.0,0.42940341687645295,0.04985198522904141,98.0,37.0,CLEAN
1499,11992.0,0.42940341687645295,0.04789880062257759,98.0,37.0,CLEAN
1500,12000.0,0.44510545927845024,0.04594561601611377,98.0,37.0,CLEAN
1501,12008.0,0.44902331781150223,0.04399243140964995,98.0,37.0,CLEAN
1502,12016.0,0.4706021480130775,0.04203924680318613,98.0,37.0,CLEAN
1503,12024.0,0.48431465287875936,0.04106265449995422,98.0,37.0,CLEAN
1504,12032.0,0.5098113416133866,0.0390942106387524,98.0,37.0,CLEAN
1505,12040.0,0.5451026766806437,0.03714102603228858,98.0,37.0,CLEAN
1506,12048.0,0.5843118702809528,0.03616443372905667,98.0,37.0,CLEAN
1507,12056.0,0.6411820355497851,0.03518784142582476,98.0,37.0,CLEAN
1508,12064.0,0.6764733706170423,0.03518784142582476,98.0,37.0,CLEAN
1509,12072.0,0.7156825642173513,0.03518784142582476,98.0,37.0,CLEAN
1510,12080.0,0.7450971114850305,0.03518784142582476,98.0,37.0,CLEAN
1511,12088.0,0.7548917578176605,0.03616443372905667,98.0,37.0,CLEAN
1512,12096.0,0.7548917578176605,0.03714102603228858,98.0,37.0,CLEAN
1513,12104.0,0.7411792529519786,0.03811761833552049,98.0,37.0,CLEAN
1514,12112.0,0.7098057764177734,0.04007080294198431,98.0,37.0,CLEAN
1515,12120.0,0.6509766818824151,0.04301583910641804,98.0,37.0,CLEAN
1516,12128.0,0.5843118702809528,0.04594561601611377,98.0,37.0,CLEAN
1517,12136.0,0.5254827757455944,0.0488753929258095,98.0,37.0,CLEAN
1518,12144.0,0.4706021480130775,0.05278176213873714,98.0,37.0,CLEAN
1519,12152.0,0.42548555834340096,0.05670339060640278,98.0,37.0,CLEAN
1520,12160.0,0.38039957694351395,0.06158635212256233,98.0,37.0,CLEAN
1521,12168.0,0.37057432234109455,0.06646931363872188,98.0,37.0,CLEAN
1522,12176.0,0.34902610040930876,0.07232886745811334,98.0,37.0,CLEAN
1523,12184.0,0.33528298727383743,0.07918027283547471,98.0,37.0,CLEAN
1524,12192.0,0.3235294116746816,0.08699301126133,98.0,37.0,CLEAN
1525,12200.0,0.3294061994742595,0.09482100894192327,98.0,37.0,CLEAN
1526,12208.0,0.3294061994742595,0.10361033967101047,98.0,37.0,CLEAN
1527,12216.0,0.3235294116746816,0.11241492965483565,98.0,37.0,CLEAN
1528,12224.0,0.33528298727383743,0.12219611194189275,98.0,37.0,CLEAN
1529,12232.0,0.3392008458068894,0.13196203497421186,98.0,37.0,CLEAN
1530,12240.0,0.34902610040930876,0.14174321726126896,98.0,37.0,CLEAN
1531,12248.0,0.3549028882088867,0.15150914029358806,98.0,37.0,CLEAN
1532,12256.0,0.3549028882088867,0.16031373027741325,98.0,37.0,CLEAN
1533,12264.0,0.3549028882088867,0.16910306100650044,98.0,37.0,CLEAN
1534,12272.0,0.3588207467419387,0.17888424329355754,98.0,37.0,CLEAN
1535,12280.0,0.3549028882088867,0.18768883327738273,98.0,37.0,CLEAN
1536,12288.0,0.3451082418762568,0.19745475630970183,98.0,37.0,CLEAN
1537,12296.0,0.33528298727383743,0.20625934629352702,98.0,37.0,CLEAN
1538,12304.0,0.3451082418762568,0.2150486770226142,98.0,37.0,CLEAN
1539,12312.0,0.33528298727383743,0.2248298593096713,98.0,37.0,CLEAN
1540,12320.0,0.3235294116746816,0.2326425977355266,98.0,37.0,CLEAN
1541,12328.0,0.33528298727383743,0.24144718771935178,98.0,37.0,CLEAN
1542,12336.0,0.34902610040930876,0.2512283700064089,98.0,37.0,CLEAN
1543,12344.0,0.34902610040930876,0.2619708853419599,98.0,37.0,CLEAN
1544,12352.0,0.3588207467419387,0.27272865993224893,98.0,37.0,CLEAN
1545,12360.0,0.34902610040930876,0.2834864345225379,98.0,37.0,CLEAN
1546,12368.0,0.3451082418762568,0.29618213446455277,98.0,37.0,CLEAN
1547,12376.0,0.3294061994742595,0.3088930936613056,98.0,37.0,CLEAN
1548,12384.0,0.3098169068089997,0.32160405285805843,98.0,37.0,CLEAN
1549,12392.0,0.3039095107396323,0.33529160435804317,98.0,37.0,CLEAN
1550,12400.0,0.3235294116746816,0.3489791558580279,98.0,37.0,CLEAN
1551,12408.0,0.3196115531416296,0.3616748558000427,98.0,37.0,CLEAN
1552,12416.0,0.3294061994742595,0.37536240730002746,98.0,37.0,CLEAN
1553,12424.0,0.3235294116746816,0.3880733664967803,98.0,37.0,CLEAN
1554,12432.0,0.31373476534205164,0.40273751029999694,98.0,37.0,CLEAN
1555,12440.0,0.3098169068089997,0.4183782464064455,98.0,37.0,CLEAN
1556,12448.0,0.3039095107396323,0.43401898251289406,98.0,37.0,CLEAN
1557,12456.0,0.3098169068089997,0.45063631092257456,98.0,37.0,CLEAN
1558,12464.0,0.3039095107396323,0.4662770470290231,98.0,37.0,CLEAN
1559,12472.0,0.24902888300711534,0.4819177831354717,98.0,37.0,CLEAN
1560,12480.0,0.44902331781150223,0.4965819269386883,98.0,37.0,CLEAN
1561,12488.0,1.227452835097264,0.511246070741905,98.0,37.0,CLEAN
1562,12496.0,1.503906727835743,0.5268868068483535,98.0,37.0,CLEAN
1563,12504.0,1.503906727835743,0.5425275429548021,98.0,37.0,CLEAN
1564,12512.0,0.7509738992846084,0.5591448713644825,98.0,37.0,CLEAN
1565,12520.0,0.3196115531416296,0.575762199774163,98.0,37.0,CLEAN
1566,12528.0,0.3098169068089997,0.5914029358806115,98.0,37.0,CLEAN
1567,12536.0,0.3294061994742595,0.6080202642902921,98.0,37.0,CLEAN
1568,12544.0,0.31373476534205164,0.6246375926999725,98.0,37.0,CLEAN
1569,12552.0,0.2901970058739504,0.6402783288064211,98.0,37.0,CLEAN
1570,12560.0,0.29411486440700235,0.6549424726096378,98.0,37.0,CLEAN
1571,12568.0,0.2999916522065803,0.6686147648548845,98.0,37.0,CLEAN
1572,12576.0,0.3098169068089997,0.6813257240516373,98.0,37.0,CLEAN
1573,12584.0,0.31373476534205164,0.6940366832483902,98.0,37.0,CLEAN
1574,12592.0,0.3235294116746816,0.706747642445143,98.0,37.0,CLEAN
1575,12600.0,0.3294061994742595,0.7194586016418958,98.0,37.0,CLEAN
1576,12608.0,0.33528298727383743,0.7321543015839106,98.0,37.0,CLEAN
1577,12616.0,0.34902610040930876,0.7448652607806635,98.0,37.0,CLEAN
1578,12624.0,0.37057432234109455,0.7565996276741844,98.0,37.0,CLEAN
1579,12632.0,0.3646975345415166,0.7683339945677053,98.0,37.0,CLEAN
1580,12640.0,0.3843174354765659,0.7800531022064883,98.0,37.0,CLEAN
1581,12648.0,0.4156909120107711,0.7917874691000092,98.0,37.0,CLEAN
1582,12656.0,0.45490010561108013,0.8035218359935301,98.0,37.0,CLEAN
1583,12664.0,0.49019144067833725,0.8162327951902829,98.0,37.0,CLEAN
1584,12672.0,0.5254827757455944,0.8299050874355296,98.0,37.0,CLEAN
1585,12680.0,0.5901886580805307,0.8426160466322825,98.0,37.0,CLEAN
1586,12688.0,0.654894540415467,0.8563035981322672,98.0,37.0,CLEAN
1587,12696.0,0.6960932715520916,0.869991149632252,98.0,37.0,CLEAN
1588,12704.0,0.7353024651524006,0.8846552934354686,98.0,37.0,CLEAN
1589,12712.0,0.7607991538870279,0.8983428449354534,98.0,37.0,CLEAN
1590,12720.0,0.7803884465522877,0.9110385448774682,98.0,37.0,CLEAN
1591,12728.0,0.7411792529519786,0.924726096377453,98.0,37.0,CLEAN
1592,12736.0,0.7058879178847215,0.9364604632709739,98.0,37.0,CLEAN
1593,12744.0,0.6647197950178864,0.9491714224677267,98.0,37.0,CLEAN
1594,12752.0,0.605890700482528,0.9618823816644795,98.0,37.0,CLEAN
1595,12760.0,0.5098113416133866,0.9755546739097263,98.0,37.0,CLEAN
1596,12768.0,0.45490010561108013,0.9882656331064791,98.0,37.0,CLEAN
1597,12776.0,0.4039067281418257,1.0,98.0,37.0,CLEAN
1598,12784.0,0.3451082418762568,1.0,98.0,37.0,CLEAN
1599,12792.0,0.31373476534205164,1.0,98.0,37.0,CLEAN
1600,12800.0,0.2999916522065803,1.0,98.0,37.0,CLEAN
1601,12808.0,0.3098169068089997,1.0,98.0,37.0,CLEAN
1602,12816.0,0.28432021807437247,1.0,98.0,37.0,CLEAN
1603,12824.0,0.2999916522065803,1.0,98.0,37.0,CLEAN
1604,12832.0,0.2901970058739504,1.0,98.0,37.0,CLEAN
1605,12840.0,0.3039095107396323,1.0,98.0,37.0,CLEAN
1606,12848.0,0.28432021807437247,1.0,98.0,37.0,CLEAN
1607,12856.0,0.3098169068089997,1.0,98.0,37.0,CLEAN
1608,12864.0,0.3098169068089997,1.0,98.0,37.0,CLEAN
1609,12872.0,0.3294061994742595,1.0,98.0,37.0,CLEAN
1610,12880.0,0.33528298727383743,1.0,98.0,37.0,CLEAN
1611,12888.0,0.3549028882088867,1.0,98.0,37.0,CLEAN
1612,12896.0,0.34902610040930876,1.0,98.0,37.0,CLEAN
1613,12904.0,0.3451082418762568,1.0,98.0,37.0,CLEAN
1614,12912.0,0.3588207467419387,1.0,98.0,37.0,CLEAN
1615,12920.0,0.3392008458068894,1.0,98.0,37.0,CLEAN
1616,12928.0,0.33528298727383743,1.0,98.0,37.0,CLEAN
1617,12936.0,0.34902610040930876,1.0,98.0,37.0,CLEAN
1618,12944.0,0.374522789143936,1.0,98.0,37.0,CLEAN
1619,12952.0,0.3392008458068894,1.0,98.0,37.0,CLEAN
1620,12960.0,0.3294061994742595,1.0,98.0,37.0,CLEAN
1621,12968.0,0.3235294116746816,1.0,98.0,37.0,CLEAN
1622,12976.0,0.3588207467419387,1.0,98.0,37.0,CLEAN
1623,12984.0,0.3843174354765659,1.0,98.0,37.0,CLEAN
1624,12992.0,0.38039957694351395,1.0,98.0,37.0,CLEAN
1625,13000.0,0.3646975345415166,1.0,98.0,37.0,CLEAN
1626,13008.0,0.374522789143936,1.0,98.0,37.0,CLEAN
1627,13016.0,0.33528298727383743,1.0,98.0,37.0,CLEAN
1628,13024.0,0.3196115531416296,1.0,98.0,37.0,CLEAN
1629,13032.0,0.34902610040930876,1.0,98.0,37.0,CLEAN
1630,13040.0,0.3196115531416296,1.0,98.0,37.0,CLEAN
1631,13048.0,0.3235294116746816,1.0,98.0,37.0,CLEAN
1632,13056.0,0.34902610040930876,1.0,98.0,37.0,CLEAN
1633,13064.0,0.3392008458068894,1.0,98.0,37.0,CLEAN
1634,13072.0,0.3196115531416296,1.0,98.0,37.0,CLEAN
1635,13080.0,0.3098169068089997,1.0,98.0,37.0,CLEAN
1636,13088.0,0.3451082418762568,1.0,98.0,37.0,CLEAN
1637,13096.0,0.3549028882088867,1.0,98.0,37.0,CLEAN
1638,13104.0,0.3235294116746816,1.0,98.0,37.0,CLEAN
1639,13112.0,0.2901970058739504,1.0,98.0,37.0,CLEAN
1640,13120.0,0.8058851352869149,1.0,98.0,37.0,CLEAN
1641,13128.0,1.503906727835743,1.0,98.0,37.0,CLEAN
1642,13136.0,1.503906727835743,1.0,98.0,37.0,CLEAN
1643,13144.0,1.4725638595713273,1.0,98.0,37.0,CLEAN
1644,13152.0,0.49019144067833725,1.0,98.0,37.0,CLEAN
1645,13160.0,0.3451082418762568,1.0,98.0,37.0,CLEAN
1646,13168.0,0.3843174354765659,1.0,98.0,37.0,CLEAN
1647,13176.0,0.3549028882088867,1.0,98.0,37.0,CLEAN
1648,13184.0,0.3451082418762568,1.0,98.0,37.0,CLEAN
1649,13192.0,0.33528298727383743,1.0,98.0,37.0,CLEAN
1650,13200.0,0.33528298727383743,1.0,98.0,37.0,CLEAN
1651,13208.0,0.34902610040930876,1.0,98.0,37.0,CLEAN
1652,13216.0,0.3451082418762568,1.0,98.0,37.0,CLEAN
1653,13224.0,0.3549028882088867,1.0,98.0,37.0,CLEAN
1654,13232.0,0.374522789143936,1.0,98.0,37.0,CLEAN
1655,13240.0,0.3843174354765659,1.0,98.0,37.0,CLEAN
1656,13248.0,0.3999888696087737,1.0,98.0,37.0,CLEAN
1657,13256.0,0.42940341687645295,1.0,98.0,37.0,CLEAN
1658,13264.0,0.44510545927845024,1.0,98.0,37.0,CLEAN
1659,13272.0,0.4745200065461294,1.0,98.0,37.0,CLEAN
1660,13280.0,0.4999860870109672,1.0,98.0,37.0,CLEAN
1661,13288.0,0.5254827757455944,1.0,98.0,37.0,CLEAN
1662,13296.0,0.5548973230132735,1.0,98.0,37.0,CLEAN
1663,13304.0,0.5960654458801087,1.0,98.0,37.0,CLEAN
1664,13312.0,0.6411820355497851,1.0,98.0,37.0,CLEAN
1665,13320.0,0.6803912291500942,1.0,98.0,37.0,CLEAN
1666,13328.0,0.7353024651524006,1.0,98.0,37.0,CLEAN
1667,13336.0,0.7862652343518657,1.0,98.0,37.0,CLEAN
1668,13344.0,0.8058851352869149,1.0,98.0,37.0,CLEAN
1669,13352.0,0.8058851352869149,1.0,98.0,37.0,CLEAN
1670,13360.0,0.800008347487337,1.0,98.0,37.0,CLEAN
1671,13368.0,0.7862652343518657,1.0,98.0,37.0,CLEAN
1672,13376.0,0.7450971114850305,1.0,98.0,37.0,CLEAN
1673,13384.0,0.6960932715520916,1.0,98.0,37.0,CLEAN
1674,13392.0,0.6293978516808398,1.0,98.0,37.0,CLEAN
1675,13400.0,0.5705993654152709,1.0,98.0,37.0,CLEAN
1676,13408.0,0.5098113416133866,1.0,98.0,37.0,CLEAN
1677,13416.0,0.45490010561108013,1.0,98.0,37.0,CLEAN
1678,13424.0,0.4156909120107711,1.0,98.0,37.0,CLEAN
1679,13432.0,0.3843174354765659,1.0,98.0,37.0,CLEAN
1680,13440.0,0.3646975345415166,1.0,98.0,37.0,CLEAN
1681,13448.0,0.3646975345415166,1.0,98.0,37.0,CLEAN
1682,13456.0,0.3549028882088867,1.0,98.0,37.0,CLEAN
1683,13464.0,0.3646975345415166,1.0,98.0,37.0,CLEAN
1684,13472.0,0.3549028882088867,1.0,98.0,37.0,CLEAN
1685,13480.0,0.3646975345415166,1.0,98.0,37.0,CLEAN
1686,13488.0,0.38039957694351395,1.0,98.0,37.0,CLEAN
1687,13496.0,0.38039957694351395,1.0,98.0,37.0,CLEAN
1688,13504.0,0.3941120818091958,1.0,98.0,37.0,CLEAN
1689,13512.0,0.4039067281418257,1.0,98.0,37.0,CLEAN
1690,13520.0,0.419608770543823,1.0,98.0,37.0,CLEAN
1691,13528.0,0.42548555834340096,1.0,98.0,37.0,CLEAN
1692,13536.0,0.42940341687645295,1.0,98.0,37.0,CLEAN
1693,13544.0,0.4352802046760309,1.0,98.0,37.0,CLEAN
1694,13552.0,0.4392286714788723,1.0,98.0,37.0,CLEAN
1695,13560.0,0.42940341687645295,1.0,98.0,37.0,CLEAN
1696,13568.0,0.42548555834340096,1.0,98.0,37.0,CLEAN
1697,13576.0,0.4156909120107711,1.0,98.0,37.0,CLEAN
1698,13584.0,0.4098141242111931,1.0,98.0,37.0,CLEAN
1699,13592.0,0.3941120818091958,1.0,98.0,37.0,CLEAN
1700,13600.0,0.3999888696087737,1.0,98.0,37.0,CLEAN
1701,13608.0,0.3941120818091958,1.0,98.0,37.0,CLEAN
1702,13616.0,0.3999888696087737,1.0,98.0,37.0,CLEAN
1703,13624.0,0.42548555834340096,1.0,98.0,37.0,CLEAN
1704,13632.0,0.42548555834340096,0.9696951200903348,98.0,37.0,CLEAN
1705,13640.0,0.42548555834340096,0.9393902401806695,98.0,37.0,CLEAN
1706,13648.0,0.419608770543823,0.9032258064516129,98.0,37.0,CLEAN
1707,13656.0,0.3941120818091958,0.8670613727225562,98.0,37.0,CLEAN
1708,13664.0,0.374522789143936,0.8289284951322977,98.0,37.0,CLEAN
1709,13672.0,0.38039957694351395,0.7908108767967772,98.0,37.0,CLEAN
1710,13680.0,0.39019422327614384,0.7556230353709524,98.0,37.0,CLEAN
1711,13688.0,0.4039067281418257,0.7204351939451277,98.0,37.0,CLEAN
1712,13696.0,0.39019422327614384,0.6881771294289987,98.0,37.0,CLEAN
1713,13704.0,0.3843174354765659,0.6549424726096378,98.0,37.0,CLEAN
1714,13712.0,0.38039957694351395,0.6226844080935087,98.0,37.0,CLEAN
1715,13720.0,0.37057432234109455,0.5904263435773797,98.0,37.0,CLEAN
1716,13728.0,0.37057432234109455,0.5581682790612507,98.0,37.0,CLEAN
1717,13736.0,0.374522789143936,0.5268868068483535,98.0,37.0,CLEAN
1718,13744.0,0.374522789143936,0.4985351115451521,98.0,37.0,CLEAN
1719,13752.0,0.27449496347195307,0.47116000854518264,98.0,37.0,CLEAN
1720,13760.0,0.4098141242111931,0.4467299417096469,98.0,37.0,CLEAN
1721,13768.0,1.1313734762281225,0.42228461561937314,98.0,37.0,CLEAN
1722,13776.0,1.503906727835743,0.3988311410870693,98.0,37.0,CLEAN
1723,13784.0,1.503906727835743,0.37536240730002746,98.0,37.0,CLEAN
1724,13792.0,0.8803856639544811,0.35386211737418743,98.0,37.0,CLEAN
1725,13800.0,0.4392286714788723,0.33138523514511553,98.0,37.0,CLEAN
1726,13808.0,0.42548555834340096,0.31182287057100133,98.0,37.0,CLEAN
1727,13816.0,0.419608770543823,0.29227576525162513,98.0,37.0,CLEAN
1728,13824.0,0.3843174354765659,0.27468184453871275,98.0,37.0,CLEAN
1729,13832.0,0.3451082418762568,0.25708792382580037,98.0,37.0,CLEAN
1730,13840.0,0.3294061994742595,0.2434003723258156,98.0,37.0,CLEAN
1731,13848.0,0.3392008458068894,0.22873622852259895,98.0,37.0,CLEAN
1732,13856.0,0.3549028882088867,0.21799371318704794,98.0,37.0,CLEAN
1733,13864.0,0.3549028882088867,0.20625934629352702,98.0,37.0,CLEAN
1734,13872.0,0.37057432234109455,0.19647816400646992,98.0,37.0,CLEAN
1735,13880.0,0.38039957694351395,0.1857356486709189,98.0,37.0,CLEAN
1736,13888.0,0.39019422327614384,0.17693105868709372,98.0,37.0,CLEAN
1737,13896.0,0.3999888696087737,0.16812646870326853,98.0,37.0,CLEAN
1738,13904.0,0.4098141242111931,0.16129032258064516,98.0,37.0,CLEAN
1739,13912.0,0.42548555834340096,0.15347758415478988,98.0,37.0,CLEAN
1740,13920.0,0.44510545927845024,0.14760277108066042,98.0,37.0,CLEAN
1741,13928.0,0.45490010561108013,0.14174321726126896,98.0,37.0,CLEAN
1742,13936.0,0.48431465287875936,0.1358684041871395,98.0,37.0,CLEAN
1743,13944.0,0.5098113416133866,0.13098544267097995,98.0,37.0,CLEAN
1744,13952.0,0.5451026766806437,0.1261024811548204,98.0,37.0,CLEAN
1745,13960.0,0.5901886580805307,0.12121951963866084,98.0,37.0,CLEAN
1746,13968.0,0.6411820355497851,0.1163212988677633,98.0,37.0,CLEAN
1747,13976.0,0.6901858754827241,0.11143833735160374,98.0,37.0,CLEAN
1748,13984.0,0.7313846066193487,0.1075319681386761,98.0,37.0,CLEAN
1749,13992.0,0.7548917578176605,0.10263374736777856,98.0,37.0,CLEAN
1750,14000.0,0.7705938002196577,0.09970397045808282,98.0,37.0,CLEAN
1751,14008.0,0.7666759416866058,0.097750785851619,98.0,37.0,CLEAN
1752,14016.0,0.7450971114850305,0.09579760124515518,98.0,37.0,CLEAN
1753,14024.0,0.7058879178847215,0.09384441663869136,98.0,37.0,CLEAN
1754,14032.0,0.6450998940828371,0.09286782433545945,98.0,37.0,CLEAN
1755,14040.0,0.5803940117479008,0.09091463972899563,98.0,37.0,CLEAN
1756,14048.0,0.5098113416133866,0.08896145512253181,98.0,37.0,CLEAN
1757,14056.0,0.44902331781150223,0.0879696035645619,98.0,37.0,CLEAN
1758,14064.0,0.4039067281418257,0.08699301126133,98.0,37.0,CLEAN
1759,14072.0,0.374522789143936,0.08601641895809808,98.0,37.0,CLEAN
1760,14080.0,0.3451082418762568,0.08601641895809808,98.0,37.0,CLEAN
1761,14088.0,0.3294061994742595,0.08601641895809808,98.0,37.0,CLEAN
1762,14096.0,0.31373476534205164,0.08601641895809808,98.0,37.0,CLEAN
1763,14104.0,0.3098169068089997,0.08503982665486617,98.0,37.0,CLEAN
1764,14112.0,0.3098169068089997,0.08406323435163426,98.0,37.0,CLEAN
1765,14120.0,0.31373476534205164,0.08406323435163426,98.0,37.0,CLEAN
1766,14128.0,0.31373476534205164,0.08211004974517044,98.0,37.0,CLEAN
1767,14136.0,0.3294061994742595,0.08015686513870662,98.0,37.0,CLEAN
1768,14144.0,0.33528298727383743,0.0782036805322428,98.0,37.0,CLEAN
1769,14152.0,0.3451082418762568,0.07625049592577898,98.0,37.0,CLEAN
1770,14160.0,0.34902610040930876,0.07332071901608325,98.0,37.0,CLEAN
1771,14168.0,0.3549028882088867,0.07135227515488143,98.0,37.0,CLEAN
1772,14176.0,0.3549028882088867,0.0674459059419538,98.0,37.0,CLEAN
1773,14184.0,0.3646975345415166,0.06451612903225806,98.0,37.0,CLEAN
1774,14192.0,0.3549028882088867,0.05963316751609851,98.0,37.0,CLEAN
1775,14200.0,0.374522789143936,0.05473494674520096,98.0,37.0,CLEAN
1776,14208.0,0.3646975345415166,0.0488753929258095,98.0,37.0,CLEAN
1777,14216.0,0.3588207467419387,0.04301583910641804,98.0,37.0,CLEAN
1778,14224.0,0.3549028882088867,0.03714102603228858,98.0,37.0,CLEAN
1779,14232.0,0.3549028882088867,0.03128147221289712,98.0,37.0,CLEAN
1780,14240.0,0.3549028882088867,0.02444532609027375,98.0,37.0,CLEAN
1781,14248.0,0.3549028882088867,0.01857051301614429,98.0,37.0,CLEAN
1782,14256.0,0.3646975345415166,0.01173436689352092,98.0,37.0,CLEAN
1783,14264.0,0.38039957694351395,0.004882961516159551,98.0,37.0,CLEAN
1784,14272.0,0.4039067281418257,0.0019531846064638203,98.0,37.0,CLEAN
1785,14280.0,0.3941120818091958,0.0,98.0,37.0,CLEAN
1786,14288.0,0.38039957694351395,0.0,98.0,37.0,CLEAN
1787,14296.0,0.3588207467419387,0.0,98.0,37.0,CLEAN
1788,14304.0,0.3235294116746816,0.0,98.0,37.0,CLEAN
1789,14312.0,0.3039095107396323,0.0,98.0,37.0,CLEAN
1790,14320.0,0.33528298727383743,0.0,98.0,37.0,CLEAN
1791,14328.0,0.3451082418762568,0.0,98.0,37.0,CLEAN
1792,14336.0,0.3392008458068894,0.0,98.0,37.0,CLEAN
1793,14344.0,0.33528298727383743,0.0,98.0,37.0,CLEAN
1794,14352.0,0.3235294116746816,0.0,98.0,37.0,CLEAN
1795,14360.0,0.31373476534205164,0.0,98.0,37.0,CLEAN
1796,14368.0,0.3235294116746816,0.0,98.0,37.0,CLEAN
1797,14376.0,0.33528298727383743,0.0,98.0,37.0,CLEAN
1798,14384.0,0.33528298727383743,0.0,98.0,37.0,CLEAN
1799,14392.0,0.2549056708066933,0.0,98.0,37.0,CLEAN
1800,14400.0,0.24902888300711534,0.0,98.0,37.0,CLEAN
1801,14408.0,0.8902109185569005,0.0,98.0,37.0,CLEAN
1802,14416.0,1.503906727835743,0.0009765923032319102,98.0,37.0,CLEAN
1803,14424.0,1.503906727835743,0.0029297769096957305,98.0,37.0,CLEAN
1804,14432.0,0.9823418106232006,0.00880458998382519,98.0,37.0,CLEAN
1805,14440.0,0.4607768934106581,0.01564073610644856,98.0,37.0,CLEAN
1806,14448.0,0.4156909120107711,0.02052369762260811,98.0,37.0,CLEAN
1807,14456.0,0.3843174354765659,0.02542191839350566,98.0,37.0,CLEAN
1808,14464.0,0.34902610040930876,0.0293282876064333,98.0,37.0,CLEAN
1809,14472.0,0.33528298727383743,0.03323465681936094,98.0,37.0,CLEAN
1810,14480.0,0.3196115531416296,0.03616443372905667,98.0,37.0,CLEAN
1811,14488.0,0.33528298727383743,0.0390942106387524,98.0,37.0,CLEAN
1812,14496.0,0.34902610040930876,0.04106265449995422,98.0,37.0,CLEAN
1813,14504.0,0.3549028882088867,0.04203924680318613,98.0,37.0,CLEAN
1814,14512.0,0.374522789143936,0.04106265449995422,98.0,37.0,CLEAN
1815,14520.0,0.3843174354765659,0.04106265449995422,98.0,37.0,CLEAN
1816,14528.0,0.3646975345415166,0.03811761833552049,98.0,37.0,CLEAN
1817,14536.0,0.3588207467419387,0.03616443372905667,98.0,37.0,CLEAN
1818,14544.0,0.38039957694351395,0.03323465681936094,98.0,37.0,CLEAN
1819,14552.0,0.3999888696087737,0.03030487990966521,98.0,37.0,CLEAN
1820,14560.0,0.4156909120107711,0.02737510299996948,98.0,37.0,CLEAN
1821,14568.0,0.4392286714788723,0.02444532609027375,98.0,37.0,CLEAN
1822,14576.0,0.45490010561108013,0.02052369762260811,98.0,37.0,CLEAN
1823,14584.0,0.48431465287875936,0.01661732840968047,98.0,37.0,CLEAN
1824,14592.0,0.5294006342786464,0.01173436689352092,98.0,37.0,CLEAN
1825,14600.0,0.5646919693459035,0.006836146122623371,98.0,37.0,CLEAN
1826,14608.0,0.615685346815158,0.0029297769096957305,98.0,37.0,CLEAN
1827,14616.0,0.6607713282150449,0.0,98.0,37.0,CLEAN
1828,14624.0,0.6960932715520916,0.0,98.0,37.0,CLEAN
1829,14632.0,0.7215593520169293,0.0,98.0,37.0,CLEAN
1830,14640.0,0.7313846066193487,0.0,98.0,37.0,CLEAN
1831,14648.0,0.7313846066193487,0.0,98.0,37.0,CLEAN
1832,14656.0,0.7098057764177734,0.0,98.0,37.0,CLEAN
1833,14664.0,0.6803912291500942,0.0,98.0,37.0,CLEAN
1834,14672.0,0.6450998940828371,0.0,98.0,37.0,CLEAN
1835,14680.0,0.5803940117479008,0.0,98.0,37.0,CLEAN
1836,14688.0,0.5294006342786464,0.0,98.0,37.0,CLEAN
1837,14696.0,0.48039679434570737,0.0,98.0,37.0,CLEAN
1838,14704.0,0.4352802046760309,0.0,98.0,37.0,CLEAN
1839,14712.0,0.3999888696087737,0.0,98.0,37.0,CLEAN
1840,14720.0,0.37057432234109455,0.0,98.0,37.0,CLEAN
1841,14728.0,0.3392008458068894,0.0,98.0,37.0,CLEAN
1842,14736.0,0.33528298727383743,0.0,98.0,37.0,CLEAN
1843,14744.0,0.33528298727383743,0.0,98.0,37.0,CLEAN
1844,14752.0,0.33528298727383743,0.0,98.0,37.0,CLEAN
1845,14760.0,0.3235294116746816,0.0,98.0,37.0,CLEAN
1846,14768.0,0.3451082418762568,0.0,98.0,37.0,CLEAN
1847,14776.0,0.34902610040930876,0.0,98.0,37.0,CLEAN
1848,14784.0,0.3451082418762568,0.0,98.0,37.0,CLEAN
1849,14792.0,0.3549028882088867,0.0,98.0,37.0,CLEAN
1850,14800.0,0.3588207467419387,0.0,98.0,37.0,CLEAN
1851,14808.0,0.3588207467419387,0.0,98.0,37.0,CLEAN
1852,14816.0,0.3646975345415166,0.0,98.0,37.0,CLEAN
1853,14824.0,0.3646975345415166,0.0,98.0,37.0,CLEAN
1854,14832.0,0.374522789143936,0.0,98.0,37.0,CLEAN
1855,14840.0,0.38039957694351395,0.0,98.0,37.0,CLEAN
1856,14848.0,0.374522789143936,0.0,98.0,37.0,CLEAN
1857,14856.0,0.38039957694351395,0.0,98.0,37.0,CLEAN
1858,14864.0,0.3646975345415166,0.0,98.0,37.0,CLEAN
1859,14872.0,0.3549028882088867,0.0,98.0,37.0,CLEAN
1860,14880.0,0.34902610040930876,0.0,98.0,37.0,CLEAN
1861,14888.0,0.37057432234109455,0.0,98.0,37.0,CLEAN
1862,14896.0,0.3843174354765659,0.0,98.0,37.0,CLEAN
1863,14904.0,0.3999888696087737,0.0,98.0,37.0,CLEAN
1864,14912.0,0.4039067281418257,0.0,98.0,37.0,CLEAN
1865,14920.0,0.3941120818091958,0.0,98.0,37.0,CLEAN
1866,14928.0,0.3843174354765659,0.0,98.0,37.0,CLEAN
1867,14936.0,0.3549028882088867,0.0,98.0,37.0,CLEAN
1868,14944.0,0.3392008458068894,0.0,98.0,37.0,CLEAN
1869,14952.0,0.3451082418762568,0.0,98.0,37.0,CLEAN
1870,14960.0,0.3549028882088867,0.0,98.0,37.0,CLEAN
1871,14968.0,0.3588207467419387,0.0,98.0,37.0,CLEAN
1872,14976.0,0.3549028882088867,0.0,98.0,37.0,CLEAN
1873,14984.0,0.3549028882088867,0.0,98.0,37.0,CLEAN
1874,14992.0,0.3451082418762568,0.0,98.0,37.0,CLEAN
1875,15000.0,0.33528298727383743,0.0,98.0,37.0,CLEAN
1876,15008.0,0.33528298727383743,0.0,98.0,37.0,CLEAN
1877,15016.0,0.3294061994742595,0.0,98.0,37.0,CLEAN
1878,15024.0,0.3392008458068894,0.0,98.0,37.0,CLEAN
1879,15032.0,0.25882352933974523,0.0,98.0,37.0,CLEAN
1880,15040.0,0.42940341687645295,0.0,98.0,37.0,CLEAN
1881,15048.0,1.1470449103603302,0.0,98.0,37.0,CLEAN
1882,15056.0,1.503906727835743,0.0,98.0,37.0,CLEAN
1883,15064.0,1.503906727835743,0.0,98.0,37.0,CLEAN
1884,15072.0,0.7509738992846084,0.0,98.0,37.0,CLEAN
1885,15080.0,0.4039067281418257,0.0,98.0,37.0,CLEAN
1886,15088.0,0.39019422327614384,0.0,98.0,37.0,CLEAN
1887,15096.0,0.3941120818091958,0.0,98.0,37.0,CLEAN
1888,15104.0,0.3646975345415166,0.0,98.0,37.0,CLEAN
1889,15112.0,0.33528298727383743,0.0,98.0,37.0,CLEAN
1890,15120.0,0.3294061994742595,0.0,98.0,37.0,CLEAN
1891,15128.0,0.3294061994742595,0.0,98.0,37.0,CLEAN
1892,15136.0,0.34902610040930876,0.0,98.0,37.0,CLEAN
1893,15144.0,0.3549028882088867,0.0,98.0,37.0,CLEAN
1894,15152.0,0.3646975345415166,0.0,98.0,37.0,CLEAN
1895,15160.0,0.3843174354765659,0.0,98.0,37.0,CLEAN
1896,15168.0,0.39019422327614384,0.0,98.0,37.0,CLEAN
1897,15176.0,0.39019422327614384,0.0,98.0,37.0,CLEAN
1898,15184.0,0.4156909120107711,0.0,98.0,37.0,CLEAN
1899,15192.0,0.42548555834340096,0.0,98.0,37.0,CLEAN
1900,15200.0,0.42940341687645295,0.0,98.0,37.0,CLEAN
1901,15208.0,0.44902331781150223,0.0,98.0,37.0,CLEAN
1902,15216.0,0.4706021480130775,0.0,98.0,37.0,CLEAN
1903,15224.0,0.4999860870109672,0.0,98.0,37.0,CLEAN
1904,15232.0,0.5392258888810657,0.0,98.0,37.0,CLEAN
1905,15240.0,0.5843118702809528,0.0,98.0,37.0,CLEAN
1906,15248.0,0.6353052477502072,0.0,98.0,37.0,CLEAN
1907,15256.0,0.6764733706170423,0.0,98.0,37.0,CLEAN
1908,15264.0,0.7156825642173513,0.0,98.0,37.0,CLEAN
1909,15272.0,0.7411792529519786,0.0,98.0,37.0,CLEAN
1910,15280.0,0.7450971114850305,0.0,98.0,37.0,CLEAN
1911,15288.0,0.7450971114850305,0.0,98.0,37.0,CLEAN
1912,15296.0,0.7313846066193487,0.0,98.0,37.0,CLEAN
1913,15304.0,0.7000111300851435,0.0,98.0,37.0,CLEAN
1914,15312.0,0.6607713282150449,0.0,98.0,37.0,CLEAN
1915,15320.0,0.615685346815158,0.0,98.0,37.0,CLEAN
1916,15328.0,0.5705993654152709,0.0,98.0,37.0,CLEAN
1917,15336.0,0.5254827757455944,0.0,98.0,37.0,CLEAN
1918,15344.0,0.49410929921138924,0.0,98.0,37.0,CLEAN
1919,15352.0,0.4607768934106581,0.0009765923032319102,98.0,37.0,CLEAN
1920,15360.0,0.4352802046760309,0.005859553819391461,98.0,37.0,CLEAN
1921,15368.0,0.42548555834340096,0.01173436689352092,98.0,37.0,CLEAN
1922,15376.0,0.4039067281418257,0.01564073610644856,98.0,37.0,CLEAN
1923,15384.0,0.3999888696087737,0.02052369762260811,98.0,37.0,CLEAN
1924,15392.0,0.4098141242111931,0.02542191839350566,98.0,37.0,CLEAN
1925,15400.0,0.4098141242111931,0.0293282876064333,98.0,37.0,CLEAN
1926,15408.0,0.4156909120107711,0.03225806451612903,98.0,37.0,CLEAN
1927,15416.0,0.42548555834340096,0.03518784142582476,98.0,37.0,CLEAN
1928,15424.0,0.419608770543823,0.03714102603228858,98.0,37.0,CLEAN
1929,15432.0,0.42548555834340096,0.0390942106387524,98.0,37.0,CLEAN
1930,15440.0,0.419608770543823,0.04007080294198431,98.0,37.0,CLEAN
1931,15448.0,0.42548555834340096,0.04203924680318613,98.0,37.0,CLEAN
1932,15456.0,0.4156909120107711,0.04203924680318613,98.0,37.0,CLEAN
1933,15464.0,0.4098141242111931,0.04203924680318613,98.0,37.0,CLEAN
1934,15472.0,0.4039067281418257,0.04106265449995422,98.0,37.0,CLEAN
1935,15480.0,0.3941120818091958,0.04007080294198431,98.0,37.0,CLEAN
1936,15488.0,0.3941120818091958,0.03811761833552049,98.0,37.0,CLEAN
1937,15496.0,0.39019422327614384,0.03616443372905667,98.0,37.0,CLEAN
1938,15504.0,0.38039957694351395,0.03323465681936094,98.0,37.0,CLEAN
1939,15512.0,0.38039957694351395,0.03128147221289712,98.0,37.0,CLEAN
1940,15520.0,0.3646975345415166,0.02835169530320139,98.0,37.0,CLEAN
1941,15528.0,0.374522789143936,0.02542191839350566,98.0,37.0,CLEAN
1942,15536.0,0.3941120818091958,0.02150028992584002,98.0,37.0,CLEAN
1943,15544.0,0.3999888696087737,0.01759392071291238,98.0,37.0,CLEAN
1944,15552.0,0.3999888696087737,0.01271095919675283,98.0,37.0,CLEAN
1945,15560.0,0.3941120818091958,0.007812738425855281,98.0,37.0,CLEAN
1946,15568.0,0.3843174354765659,0.003906369212927641,98.0,37.0,CLEAN
1947,15576.0,0.3588207467419387,0.0,98.0,37.0,CLEAN
1948,15584.0,0.3549028882088867,0.0,98.0,37.0,CLEAN
1949,15592.0,0.3549028882088867,0.0,98.0,37.0,CLEAN
1950,15600.0,0.3588207467419387,0.0,98.0,37.0,CLEAN
1951,15608.0,0.3646975345415166,0.0,98.0,37.0,CLEAN
1952,15616.0,0.3549028882088867,0.0,98.0,37.0,CLEAN
1953,15624.0,0.3549028882088867,0.0,98.0,37.0,CLEAN
1954,15632.0,0.33528298727383743,0.0,98.0,37.0,CLEAN
1955,15640.0,0.3294061994742595,0.0,98.0,37.0,CLEAN
1956,15648.0,0.33528298727383743,0.003906369212927641,98.0,37.0,CLEAN
1957,15656.0,0.33528298727383743,0.007812738425855281,98.0,37.0,CLEAN
1958,15664.0,0.3451082418762568,0.01271095919675283,98.0,37.0,CLEAN
1959,15672.0,0.26861817567237517,0.01759392071291238,98.0,37.0,CLEAN
1960,15680.0,0.6803912291500942,0.02444532609027375,98.0,37.0,CLEAN
1961,15688.0,1.503906727835743,0.03030487990966521,98.0,37.0,CLEAN
1962,15696.0,1.503906727835743,0.03811761833552049,98.0,37.0,CLEAN
1963,15704.0,1.2823640710995703,0.04594561601611377,98.0,37.0,CLEAN
1964,15712.0,0.44902331781150223,0.05571153904843287,98.0,37.0,CLEAN
1965,15720.0,0.3294061994742595,0.06451612903225806,98.0,37.0,CLEAN
1966,15728.0,0.3451082418762568,0.07625049592577898,98.0,37.0,CLEAN
1967,15736.0,0.3294061994742595,0.08699301126133,98.0,37.0,CLEAN
1968,15744.0,0.3196115531416296,0.09872737815485091,98.0,37.0,CLEAN
1969,15752.0,0.3039095107396323,0.11046174504837183,98.0,37.0,CLEAN
1970,15760.0,0.2999916522065803,0.12219611194189275,98.0,37.0,CLEAN
1971,15768.0,0.31373476534205164,0.13293862727744377,98.0,37.0,CLEAN
1972,15776.0,0.3196115531416296,0.14369640186773278,98.0,37.0,CLEAN
1973,15784.0,0.31373476534205164,0.15445417645802179,98.0,37.0,CLEAN
1974,15792.0,0.3294061994742595,0.1651966917935728,98.0,37.0,CLEAN
1975,15800.0,0.33528298727383743,0.1759544663838618,98.0,37.0,CLEAN
1976,15808.0,0.33528298727383743,0.18671224097415082,98.0,37.0,CLEAN
1977,15816.0,0.3588207467419387,0.19745475630970183,98.0,37.0,CLEAN
1978,15824.0,0.374522789143936,0.20723593859675893,98.0,37.0,CLEAN
1979,15832.0,0.3941120818091958,0.21700186162907803,98.0,37.0,CLEAN
1980,15840.0,0.4039067281418257,0.22580645161290322,98.0,37.0,CLEAN
1981,15848.0,0.419608770543823,0.2346110415967284,98.0,37.0,CLEAN
1982,15856.0,0.45490010561108013,0.2443769646290475,98.0,37.0,CLEAN
1983,15864.0,0.49410929921138924,0.2541581469161046,98.0,37.0,CLEAN
1984,15872.0,0.5353080303480138,0.26490066225165565,98.0,37.0,CLEAN
1985,15880.0,0.5705993654152709,0.27663502914517657,98.0,37.0,CLEAN
1986,15888.0,0.6196032053482099,0.2883693960386975,98.0,37.0,CLEAN
1987,15896.0,0.6647197950178864,0.3001037629322184,98.0,37.0,CLEAN
1988,15904.0,0.7058879178847215,0.3127994628742332,98.0,37.0,CLEAN
1989,15912.0,0.7156825642173513,0.32453382976775413,98.0,37.0,CLEAN
1990,15920.0,0.7156825642173513,0.33626819666127505,98.0,37.0,CLEAN
1991,15928.0,0.7000111300851435,0.3470259712515641,98.0,37.0,CLEAN
1992,15936.0,0.6647197950178864,0.3577684865871151,98.0,37.0,CLEAN
1993,15944.0,0.6293978516808398,0.3685262611774041,98.0,37.0,CLEAN
1994,15952.0,0.5745172239483228,0.38026062807092503,98.0,37.0,CLEAN
1995,15960.0,0.5098113416133866,0.39197973570970795,98.0,37.0,CLEAN
1996,15968.0,0.44902331781150223,0.40469069490646076,98.0,37.0,CLEAN
1997,15976.0,0.4039067281418257,0.4183782464064455,98.0,37.0,CLEAN
1998,15984.0,0.3588207467419387,0.43108920560319836,98.0,37.0,CLEAN
1999,15992.0,0.33528298727383743,0.44380016479995116,98.0,37.0,CLEAN
2000,16000.0,0.3039095107396323,0.456495864741966,98.0,37.0,CLEAN
2001,16008.0,0.2999916522065803,0.4692068239387188,98.0,37.0,CLEAN
2002,16016.0,0.3039095107396323,0.48289437543870356,98.0,37.0,CLEAN
2003,16024.0,0.2999916522065803,0.49755851924192024,98.0,37.0,CLEAN
2004,16032.0,0.2999916522065803,0.5122226630451369,98.0,37.0,CLEAN
2005,16040.0,0.29411486440700235,0.5268868068483535,98.0,37.0,CLEAN
2006,16048.0,0.3098169068089997,0.5425275429548021,98.0,37.0,CLEAN
2007,16056.0,0.31373476534205164,0.5571916867580188,98.0,37.0,CLEAN
2008,16064.0,0.31373476534205164,0.5718405713064973,98.0,37.0,CLEAN
2009,16072.0,0.3294061994742595,0.586504715109714,98.0,37.0,CLEAN
2010,16080.0,0.33528298727383743,0.5992156743064668,98.0,37.0,CLEAN
2011,16088.0,0.33528298727383743,0.6119266335032197,98.0,37.0,CLEAN
2012,16096.0,0.3451082418762568,0.6236610003967407,98.0,37.0,CLEAN
2013,16104.0,0.3451082418762568,0.6344035157322916,98.0,37.0,CLEAN
2014,16112.0,0.34902610040930876,0.6451612903225806,98.0,37.0,CLEAN
2015,16120.0,0.3392008458068894,0.6549424726096378,98.0,37.0,CLEAN
2016,16128.0,0.33528298727383743,0.6647083956419568,98.0,37.0,CLEAN
2017,16136.0,0.3294061994742595,0.673512985625782,98.0,37.0,CLEAN
2018,16144.0,0.3235294116746816,0.6813257240516373,98.0,37.0,CLEAN
2019,16152.0,0.3196115531416296,0.6891537217322306,98.0,37.0,CLEAN
2020,16160.0,0.31373476534205164,0.6950132755516221,98.0,37.0,CLEAN
2021,16168.0,0.3392008458068894,0.7018646809289835,98.0,37.0,CLEAN
2022,16176.0,0.3451082418762568,0.7087008270516068,98.0,37.0,CLEAN
2023,16184.0,0.33528298727383743,0.716513565477462,98.0,37.0,CLEAN
2024,16192.0,0.3235294116746816,0.7243415631580553,98.0,37.0,CLEAN
2025,16200.0,0.3098169068089997,0.7331308938871426,98.0,37.0,CLEAN
2026,16208.0,0.28432021807437247,0.7429120761741996,98.0,37.0,CLEAN
2027,16216.0,0.27449496347195307,0.7536698507644887,98.0,37.0,CLEAN
2028,16224.0,0.2647003171393232,0.7644123661000397,98.0,37.0,CLEAN
2029,16232.0,0.27449496347195307,0.7761467329935606,98.0,37.0,CLEAN
2030,16240.0,0.2784434302747945,0.7869045075838496,98.0,37.0,CLEAN
2031,16248.0,0.2647003171393232,0.7976470229194006,98.0,37.0,CLEAN
2032,16256.0,0.2647003171393232,0.8084047975096896,98.0,37.0,CLEAN
2033,16264.0,0.25882352933974523,0.8191625720999787,98.0,37.0,CLEAN
2034,16272.0,0.26861817567237517,0.8318735312967315,98.0,37.0,CLEAN
2035,16280.0,0.27449496347195307,0.8445692312387463,98.0,37.0,CLEAN
2036,16288.0,0.28432021807437247,0.859233375041963,98.0,37.0,CLEAN
2037,16296.0,0.2901970058739504,0.8738975188451796,98.0,37.0,CLEAN
2038,16304.0,0.25882352933974523,0.8866084780419324,98.0,37.0,CLEAN
2039,16312.0,0.6293978516808398,0.9002960295419171,98.0,37.0,CLEAN
2040,16320.0,1.503906727835743,0.91300698873867,98.0,37.0,CLEAN
2041,16328.0,1.503906727835743,0.924726096377453,98.0,37.0,CLEAN
2042,16336.0,1.503906727835743,0.9374370555742058,98.0,37.0,CLEAN
2043,16344.0,0.5509794644802216,0.9501480147709586,98.0,37.0,CLEAN
2044,16352.0,0.3235294116746816,0.9628589739677114,98.0,37.0,CLEAN
2045,16360.0,0.3451082418762568,0.9755546739097263,98.0,37.0,CLEAN
2046,16368.0,0.33528298727383743,0.9872890408032472,98.0,37.0,CLEAN
2047,16376.0,0.3235294116746816,1.0,98.0,37.0,CLEAN
2048,16384.0,0.31373476534205164,1.0,98.0,37.0,CLEAN
2049,16392.0,0.31373476534205164,1.0,98.0,37.0,CLEAN
2050,16400.0,0.3294061994742595,1.0,98.0,37.0,CLEAN
2051,16408.0,0.3549028882088867,1.0,98.0,37.0,CLEAN
2052,16416.0,0.3549028882088867,1.0,98.0,37.0,CLEAN
2053,16424.0,0.3549028882088867,1.0,98.0,37.0,CLEAN
2054,16432.0,0.3646975345415166,1.0,98.0,37.0,CLEAN
2055,16440.0,0.37057432234109455,1.0,98.0,37.0,CLEAN
2056,16448.0,0.38039957694351395,1.0,98.0,37.0,CLEAN
2057,16456.0,0.4039067281418257,1.0,98.0,37.0,CLEAN
2058,16464.0,0.42548555834340096,1.0,98.0,37.0,CLEAN
2059,16472.0,0.4392286714788723,1.0,98.0,37.0,CLEAN
2060,16480.0,0.46469475194371007,1.0,98.0,37.0,CLEAN
2061,16488.0,0.49019144067833725,1.0,98.0,37.0,CLEAN
2062,16496.0,0.5254827757455944,1.0,98.0,37.0,CLEAN
2063,16504.0,0.5745172239483228,1.0,98.0,37.0,CLEAN
2064,16512.0,0.6254799931477878,1.0,98.0,37.0,CLEAN
2065,16520.0,0.6764733706170423,1.0,98.0,37.0,CLEAN
2066,16528.0,0.7313846066193487,1.0,98.0,37.0,CLEAN
2067,16536.0,0.7666759416866058,1.0,98.0,37.0,CLEAN
2068,16544.0,0.7803884465522877,1.0,98.0,37.0,CLEAN
2069,16552.0,0.796090488954285,1.0,98.0,37.0,CLEAN
2070,16560.0,0.7764705880192357,1.0,98.0,37.0,CLEAN
2071,16568.0,0.7666759416866058,1.0,98.0,37.0,CLEAN
2072,16576.0,0.7215593520169293,1.0,98.0,37.0,CLEAN
2073,16584.0,0.654894540415467,1.0,98.0,37.0,CLEAN
2074,16592.0,0.5960654458801087,0.9872890408032472,98.0,37.0,CLEAN
2075,16600.0,0.5294006342786464,0.9745780816064943,98.0,37.0,CLEAN
2076,16608.0,0.4745200065461294,0.9550309762871181,98.0,37.0,CLEAN
2077,16616.0,0.42548555834340096,0.9364604632709739,98.0,37.0,CLEAN
2078,16624.0,0.3941120818091958,0.9169133579515977,98.0,37.0,CLEAN
2079,16632.0,0.37057432234109455,0.8983428449354534,98.0,37.0,CLEAN
2080,16640.0,0.3451082418762568,0.879772331919309,98.0,37.0,CLEAN
2081,16648.0,0.3451082418762568,0.8611865596484267,98.0,37.0,CLEAN
2082,16656.0,0.3392008458068894,0.8396862697225868,98.0,37.0,CLEAN
2083,16664.0,0.3451082418762568,0.8172093874935148,98.0,37.0,CLEAN
2084,16672.0,0.3392008458068894,0.7927640614032411,98.0,37.0,CLEAN
2085,16680.0,0.3549028882088867,0.7693105868709372,98.0,37.0,CLEAN
2086,16688.0,0.3588207467419387,0.7429120761741996,98.0,37.0,CLEAN
2087,16696.0,0.37057432234109455,0.716513565477462,98.0,37.0,CLEAN
2088,16704.0,0.38039957694351395,0.6891537217322306,98.0,37.0,CLEAN
2089,16712.0,0.3941120818091958,0.6617786187322611,98.0,37.0,CLEAN
2090,16720.0,0.4039067281418257,0.6363567003387555,98.0,37.0,CLEAN
2091,16728.0,0.4098141242111931,0.6109500411999877,98.0,37.0,CLEAN
2092,16736.0,0.4098141242111931,0.5874813074129459,98.0,37.0,CLEAN
2093,16744.0,0.4156909120107711,0.5650044251838741,98.0,37.0,CLEAN
2094,16752.0,0.3999888696087737,0.5395825067903683,98.0,37.0,CLEAN
2095,16760.0,0.3941120818091958,0.5141758476516007,98.0,37.0,CLEAN
2096,16768.0,0.3999888696087737,0.488753929258095,98.0,37.0,CLEAN
2097,16776.0,0.39019422327614384,0.4623706778160955,98.0,37.0,CLEAN
2098,16784.0,0.374522789143936,0.43890194402905364,98.0,37.0,CLEAN
2099,16792.0,0.374522789143936,0.4154484694967498,98.0,37.0,CLEAN
2100,16800.0,0.38039957694351395,0.3939329203161718,98.0,37.0,CLEAN
2101,16808.0,0.4039067281418257,0.37340922269356364,98.0,37.0,CLEAN
2102,16816.0,0.4098141242111931,0.35386211737418743,98.0,37.0,CLEAN
2103,16824.0,0.42548555834340096,0.33333841975157935,98.0,37.0,CLEAN
2104,16832.0,0.4156909120107711,0.31476790673543503,98.0,37.0,CLEAN
2105,16840.0,0.4039067281418257,0.29618213446455277,98.0,37.0,CLEAN
2106,16848.0,0.374522789143936,0.2795648060548723,98.0,37.0,CLEAN
2107,16856.0,0.3588207467419387,0.26294747764519183,98.0,37.0,CLEAN
2108,16864.0,0.3646975345415166,0.24925992614520706,98.0,37.0,CLEAN
2109,16872.0,0.374522789143936,0.23558763389996032,98.0,37.0,CLEAN
2110,16880.0,0.3843174354765659,0.2248298593096713,98.0,37.0,CLEAN
2111,16888.0,0.3646975345415166,0.2150486770226142,98.0,37.0,CLEAN
2112,16896.0,0.37057432234109455,0.20821253089999084,98.0,37.0,CLEAN
2113,16904.0,0.3549028882088867,0.20136112552262947,98.0,37.0,CLEAN
2114,16912.0,0.3549028882088867,0.19745475630970183,98.0,37.0,CLEAN
2115,16920.0,0.3549028882088867,0.1935483870967742,98.0,37.0,CLEAN
2116,16928.0,0.34902610040930876,0.19159520249031037,98.0,37.0,CLEAN
2117,16936.0,0.3588207467419387,0.19061861018707846,98.0,37.0,CLEAN
2118,16944.0,0.26861817567237517,0.18964201788384655,98.0,37.0,CLEAN
2119,16952.0,0.49019144067833725,0.18964201788384655,98.0,37.0,CLEAN
2120,16960.0,1.3078301515644082,0.18964201788384655,98.0,37.0,CLEAN
2121,16968.0,1.503906727835743,0.19061861018707846,98.0,37.0,CLEAN
2122,16976.0,1.503906727835743,0.19257179479354228,98.0,37.0,CLEAN
2123,16984.0,0.7764705880192357,0.1945249794000061,98.0,37.0,CLEAN
2124,16992.0,0.45490010561108013,0.19647816400646992,98.0,37.0,CLEAN
2125,17000.0,0.44510545927845024,0.19940794091616565,98.0,37.0,CLEAN
2126,17008.0,0.4039067281418257,0.20136112552262947,98.0,37.0,CLEAN
2127,17016.0,0.38039957694351395,0.2033295693838313,98.0,37.0,CLEAN
2128,17024.0,0.3549028882088867,0.2052827539902951,98.0,37.0,CLEAN
2129,17032.0,0.34902610040930876,0.20723593859675893,98.0,37.0,CLEAN
2130,17040.0,0.3549028882088867,0.20918912320322275,98.0,37.0,CLEAN
2131,17048.0,0.3646975345415166,0.21114230780968657,98.0,37.0,CLEAN
2132,17056.0,0.37057432234109455,0.2130954924161504,98.0,37.0,CLEAN
2133,17064.0,0.39019422327614384,0.2150486770226142,98.0,37.0,CLEAN
2134,17072.0,0.3999888696087737,0.21700186162907803,98.0,37.0,CLEAN
2135,17080.0,0.3843174354765659,0.21994689779351176,98.0,37.0,CLEAN
2136,17088.0,0.4039067281418257,0.22190008239997558,98.0,37.0,CLEAN
2137,17096.0,0.42548555834340096,0.2248298593096713,98.0,37.0,CLEAN
2138,17104.0,0.4352802046760309,0.22678304391613513,98.0,37.0,CLEAN
2139,17112.0,0.44510545927845024,0.22971282082583086,98.0,37.0,CLEAN
2140,17120.0,0.4607768934106581,0.23166600543229468,98.0,37.0,CLEAN
2141,17128.0,0.48431465287875936,0.2346110415967284,98.0,37.0,CLEAN
2142,17136.0,0.5058934830803345,0.23754081850642414,98.0,37.0,CLEAN
2143,17144.0,0.5548973230132735,0.24047059541611987,98.0,37.0,CLEAN
2144,17152.0,0.5960654458801087,0.2434003723258156,98.0,37.0,CLEAN
2145,17160.0,0.6509766818824151,0.24730674153874324,98.0,37.0,CLEAN
2146,17168.0,0.6901858754827241,0.25025177770317697,98.0,37.0,CLEAN
2147,17176.0,0.7156825642173513,0.2541581469161046,98.0,37.0,CLEAN
2148,17184.0,0.7411792529519786,0.25806451612903225,98.0,37.0,CLEAN
2149,17192.0,0.7450971114850305,0.2619708853419599,98.0,37.0,CLEAN
2150,17200.0,0.7411792529519786,0.26587725455488753,98.0,37.0,CLEAN
2151,17208.0,0.7215593520169293,0.26979888302255317,98.0,37.0,CLEAN
2152,17216.0,0.6901858754827241,0.27272865993224893,98.0,37.0,CLEAN
2153,17224.0,0.6353052477502072,0.27565843684194463,98.0,37.0,CLEAN
2154,17232.0,0.5843118702809528,0.2785882137516404,98.0,37.0,CLEAN
2155,17240.0,0.5353080303480138,0.2815179906613361,98.0,37.0,CLEAN
2156,17248.0,0.49410929921138924,0.28250984221930603,98.0,37.0,CLEAN
2157,17256.0,0.4392286714788723,0.28446302682576985,98.0,37.0,CLEAN
2158,17264.0,0.419608770543823,0.28641621143223367,98.0,37.0,CLEAN
2159,17272.0,0.3843174354765659,0.28739280373546555,98.0,37.0,CLEAN
2160,17280.0,0.39019422327614384,0.2883693960386975,98.0,37.0,CLEAN
2161,17288.0,0.374522789143936,0.28934598834192937,98.0,37.0,CLEAN
2162,17296.0,0.3588207467419387,0.2883693960386975,98.0,37.0,CLEAN
2163,17304.0,0.3549028882088867,0.28739280373546555,98.0,37.0,CLEAN
2164,17312.0,0.38039957694351395,0.28446302682576985,98.0,37.0,CLEAN
2165,17320.0,0.38039957694351395,0.28250984221930603,98.0,37.0,CLEAN
2166,17328.0,0.39019422327614384,0.27761162144840845,98.0,37.0,CLEAN
2167,17336.0,0.3843174354765659,0.2737052522354808,98.0,37.0,CLEAN
2168,17344.0,0.4039067281418257,0.2688222907193213,98.0,37.0,CLEAN
2169,17352.0,0.3999888696087737,0.26294747764519183,98.0,37.0,CLEAN
2170,17360.0,0.3941120818091958,0.25806451612903225,98.0,37.0,CLEAN
2171,17368.0,0.4098141242111931,0.25318155461287273,98.0,37.0,CLEAN
2172,17376.0,0.4039067281418257,0.24730674153874324,98.0,37.0,CLEAN
2173,17384.0,0.3999888696087737,0.2424237800225837,98.0,37.0,CLEAN
2174,17392.0,0.3999888696087737,0.2346110415967284,98.0,37.0,CLEAN
2175,17400.0,0.3999888696087737,0.22775963621936704,98.0,37.0,CLEAN
2176,17408.0,0.3941120818091958,0.21994689779351176,98.0,37.0,CLEAN
2177,17416.0,0.39019422327614384,0.21211890011291848,98.0,37.0,CLEAN
2178,17424.0,0.38039957694351395,0.2043061616870632,98.0,37.0,CLEAN
2179,17432.0,0.38039957694351395,0.19647816400646992,98.0,37.0,CLEAN
2180,17440.0,0.38039957694351395,0.18866542558061464,98.0,37.0,CLEAN
2181,17448.0,0.4098141242111931,0.18181402020325327,98.0,37.0,CLEAN
2182,17456.0,0.419608770543823,0.174001281777398,98.0,37.0,CLEAN
2183,17464.0,0.4352802046760309,0.1661732840968047,98.0,37.0,CLEAN
2184,17472.0,0.4098141242111931,0.15738395336771752,98.0,37.0,CLEAN
2185,17480.0,0.3999888696087737,0.14955595568712424,98.0,37.0,CLEAN
2186,17488.0,0.3646975345415166,0.14271980956450087,98.0,37.0,CLEAN
2187,17496.0,0.3588207467419387,0.1358684041871395,98.0,37.0,CLEAN
2188,17504.0,0.3588207467419387,0.13000885036774804,98.0,37.0,CLEAN
2189,17512.0,0.38039957694351395,0.12414929654835657,98.0,37.0,CLEAN
2190,17520.0,0.39019422327614384,0.12022766808069094,98.0,37.0,CLEAN
2191,17528.0,0.3843174354765659,0.1163212988677633,98.0,37.0,CLEAN
2192,17536.0,0.38039957694351395,0.11339152195806756,98.0,37.0,CLEAN
2193,17544.0,0.3646975345415166,0.11143833735160374,98.0,37.0,CLEAN
2194,17552.0,0.3646975345415166,0.10948515274513992,98.0,37.0,CLEAN
2195,17560.0,0.3646975345415166,0.1075319681386761,98.0,37.0,CLEAN
2196,17568.0,0.374522789143936,0.1065553758354442,98.0,37.0,CLEAN
2197,17576.0,0.38039957694351395,0.10557878353221228,98.0,37.0,CLEAN
2198,17584.0,0.3098169068089997,0.10458693197424238,98.0,37.0,CLEAN
2199,17592.0,0.615685346815158,0.10458693197424238,98.0,37.0,CLEAN
2200,17600.0,1.4882352937035352,0.10458693197424238,98.0,37.0,CLEAN
2201,17608.0,1.503906727835743,0.10458693197424238,98.0,37.0,CLEAN
2202,17616.0,1.503906727835743,0.10361033967101047,98.0,37.0,CLEAN
2203,17624.0,0.6293978516808398,0.10361033967101047,98.0,37.0,CLEAN
2204,17632.0,0.4352802046760309,0.10263374736777856,98.0,37.0,CLEAN
2205,17640.0,0.44510545927845024,0.10165715506454664,98.0,37.0,CLEAN
2206,17648.0,0.44902331781150223,0.09970397045808282,98.0,37.0,CLEAN
2207,17656.0,0.42940341687645295,0.0967741935483871,98.0,37.0,CLEAN
2208,17664.0,0.3999888696087737,0.09384441663869136,98.0,37.0,CLEAN
2209,17672.0,0.38039957694351395,0.09091463972899563,98.0,37.0,CLEAN
2210,17680.0,0.3999888696087737,0.0879696035645619,98.0,37.0,CLEAN
2211,17688.0,0.42548555834340096,0.08503982665486617,98.0,37.0,CLEAN
2212,17696.0,0.42548555834340096,0.08211004974517044,98.0,37.0,CLEAN
2213,17704.0,0.419608770543823,0.07918027283547471,98.0,37.0,CLEAN
2214,17712.0,0.42548555834340096,0.07625049592577898,98.0,37.0,CLEAN
2215,17720.0,0.4392286714788723,0.07332071901608325,98.0,37.0,CLEAN
2216,17728.0,0.44510545927845024,0.07037568285164952,98.0,37.0,CLEAN
2217,17736.0,0.44902331781150223,0.0674459059419538,98.0,37.0,CLEAN
2218,17744.0,0.4607768934106581,0.06549272133548997,98.0,37.0,CLEAN
2219,17752.0,0.4745200065461294,0.06353953672902615,98.0,37.0,CLEAN
2220,17760.0,0.49410929921138924,0.06256294442579424,98.0,37.0,CLEAN
2221,17768.0,0.5058934830803345,0.06256294442579424,98.0,37.0,CLEAN
2222,17776.0,0.5294006342786464,0.06158635212256233,98.0,37.0,CLEAN
2223,17784.0,0.5646919693459035,0.06158635212256233,98.0,37.0,CLEAN
2224,17792.0,0.6000139126829501,0.06158635212256233,98.0,37.0,CLEAN
2225,17800.0,0.6450998940828371,0.06158635212256233,98.0,37.0,CLEAN
2226,17808.0,0.6862680169496722,0.06353953672902615,98.0,37.0,CLEAN
2227,17816.0,0.7156825642173513,0.06451612903225806,98.0,37.0,CLEAN
2228,17824.0,0.7313846066193487,0.06646931363872188,98.0,37.0,CLEAN
2229,17832.0,0.7411792529519786,0.0684224982451857,98.0,37.0,CLEAN
2230,17840.0,0.7313846066193487,0.07037568285164952,98.0,37.0,CLEAN
2231,17848.0,0.7215593520169293,0.07332071901608325,98.0,37.0,CLEAN
2232,17856.0,0.6803912291500942,0.07527390362254707,98.0,37.0,CLEAN
2233,17864.0,0.6293978516808398,0.0782036805322428,98.0,37.0,CLEAN
2234,17872.0,0.5646919693459035,0.08113345744193853,98.0,37.0,CLEAN
2235,17880.0,0.5156881294129645,0.08503982665486617,98.0,37.0,CLEAN
2236,17888.0,0.46469475194371007,0.08896145512253181,98.0,37.0,CLEAN
2237,17896.0,0.42548555834340096,0.09286782433545945,98.0,37.0,CLEAN
2238,17904.0,0.3999888696087737,0.0967741935483871,98.0,37.0,CLEAN
2239,17912.0,0.374522789143936,0.10068056276131473,98.0,37.0,CLEAN
2240,17920.0,0.3588207467419387,0.10458693197424238,98.0,37.0,CLEAN
2241,17928.0,0.3549028882088867,0.1075319681386761,98.0,37.0,CLEAN
2242,17936.0,0.3549028882088867,0.11143833735160374,98.0,37.0,CLEAN
2243,17944.0,0.3588207467419387,0.11534470656453139,98.0,37.0,CLEAN
2244,17952.0,0.3549028882088867,0.12022766808069094,98.0,37.0,CLEAN
2245,17960.0,0.3549028882088867,0.12512588885158848,98.0,37.0,CLEAN
2246,17968.0,0.3549028882088867,0.13098544267097995,98.0,37.0,CLEAN
2247,17976.0,0.3646975345415166,0.1358684041871395,98.0,37.0,CLEAN
2248,17984.0,0.37057432234109455,0.14271980956450087,98.0,37.0,CLEAN
2249,17992.0,0.38039957694351395,0.14857936338389233,98.0,37.0,CLEAN
2250,18000.0,0.3843174354765659,0.15347758415478988,98.0,37.0,CLEAN
2251,18008.0,0.37057432234109455,0.15933713797418134,98.0,37.0,CLEAN
2252,18016.0,0.3646975345415166,0.1642200994903409,98.0,37.0,CLEAN
2253,18024.0,0.37057432234109455,0.17009491256447035,98.0,37.0,CLEAN
2254,18032.0,0.3646975345415166,0.1759544663838618,98.0,37.0,CLEAN
2255,18040.0,0.3549028882088867,0.18181402020325327,98.0,37.0,CLEAN
2256,18048.0,0.3549028882088867,0.18866542558061464,98.0,37.0,CLEAN
2257,18056.0,0.3549028882088867,0.19647816400646992,98.0,37.0,CLEAN
2258,18064.0,0.33528298727383743,0.20235297708059938,98.0,37.0,CLEAN
2259,18072.0,0.33528298727383743,0.20918912320322275,98.0,37.0,CLEAN
2260,18080.0,0.34902610040930876,0.2150486770226142,98.0,37.0,CLEAN
2261,18088.0,0.3549028882088867,0.22190008239997558,98.0,37.0,CLEAN
2262,18096.0,0.3646975345415166,0.22971282082583086,98.0,37.0,CLEAN
2263,18104.0,0.3549028882088867,0.23851741080965605,98.0,37.0,CLEAN
2264,18112.0,0.3549028882088867,0.24828333384197515,98.0,37.0,CLEAN
2265,18120.0,0.3235294116746816,0.25806451612903225,98.0,37.0,CLEAN
2266,18128.0,0.3098169068089997,0.2688222907193213,98.0,37.0,CLEAN
2267,18136.0,0.31373476534205164,0.2805413983581042,98.0,37.0,CLEAN
2268,18144.0,0.3235294116746816,0.293252357554857,98.0,37.0,CLEAN
2269,18152.0,0.33528298727383743,0.30596331675160987,98.0,37.0,CLEAN
2270,18160.0,0.3235294116746816,0.3186742759483627,98.0,37.0,CLEAN
2271,18168.0,0.3294061994742595,0.33138523514511553,98.0,37.0,CLEAN
2272,18176.0,0.3098169068089997,0.34408093508713034,98.0,37.0,CLEAN
2273,18184.0,0.3098169068089997,0.3567918942838832,98.0,37.0,CLEAN
2274,18192.0,0.3098169068089997,0.3714560380870998,98.0,37.0,CLEAN
2275,18200.0,0.3098169068089997,0.3861201818903165,98.0,37.0,CLEAN
2276,18208.0,0.3196115531416296,0.40176091799676505,98.0,37.0,CLEAN
2277,18216.0,0.26861817567237517,0.4183782464064455,98.0,37.0,CLEAN
2278,18224.0,0.6000139126829501,0.4330423902096622,98.0,37.0,CLEAN
2279,18232.0,1.503906727835743,0.4477065340128788,98.0,37.0,CLEAN
2280,18240.0,1.503906727835743,0.46139408551286354,98.0,37.0,CLEAN
2281,18248.0,1.503906727835743,0.4750663777581103,98.0,37.0,CLEAN
2282,18256.0,0.5646919693459035,0.488753929258095,98.0,37.0,CLEAN
2283,18264.0,0.3098169068089997,0.5034180730613117,98.0,37.0,CLEAN
2284,18272.0,0.33528298727383743,0.5180822168645284,98.0,37.0,CLEAN
2285,18280.0,0.3294061994742595,0.532746360667745,98.0,37.0,CLEAN
2286,18288.0,0.31373476534205164,0.5474105044709616,98.0,37.0,CLEAN
2287,18296.0,0.3196115531416296,0.5620746482741783,98.0,37.0,CLEAN
2288,18304.0,0.3098169068089997,0.575762199774163,98.0,37.0,CLEAN
2289,18312.0,0.3098169068089997,0.5904263435773797,98.0,37.0,CLEAN
2290,18320.0,0.3235294116746816,0.6031220435193945,98.0,37.0,CLEAN
2291,18328.0,0.3294061994742595,0.6158330027161474,98.0,37.0,CLEAN
2292,18336.0,0.33528298727383743,0.6265907773064363,98.0,37.0,CLEAN
2293,18344.0,0.3392008458068894,0.6383251441999572,98.0,37.0,CLEAN
2294,18352.0,0.3549028882088867,0.6490676595355083,98.0,37.0,CLEAN
2295,18360.0,0.374522789143936,0.6608020264290292,98.0,37.0,CLEAN
2296,18368.0,0.3843174354765659,0.6715598010193182,98.0,37.0,CLEAN
2297,18376.0,0.3941120818091958,0.6832789086581011,98.0,37.0,CLEAN
2298,18384.0,0.4039067281418257,0.6940366832483902,98.0,37.0,CLEAN
2299,18392.0,0.42940341687645295,0.7047944578386791,98.0,37.0,CLEAN
2300,18400.0,0.4706021480130775,0.7155369731742302,98.0,37.0,CLEAN
2301,18408.0,0.5058934830803345,0.7253181554612873,98.0,37.0,CLEAN
2302,18416.0,0.5607741108128516,0.7370525223548082,98.0,37.0,CLEAN
2303,18424.0,0.615685346815158,0.7477950376903592,98.0,37.0,CLEAN
2304,18432.0,0.6705965828174644,0.7595294045838801,98.0,37.0,CLEAN
2305,18440.0,0.6901858754827241,0.771263771477401,98.0,37.0,CLEAN
2306,18448.0,0.7353024651524006,0.7829981383709219,98.0,37.0,CLEAN
2307,18456.0,0.7548917578176605,0.7956938383129368,98.0,37.0,CLEAN
2308,18464.0,0.7548917578176605,0.8074282052064577,98.0,37.0,CLEAN
2309,18472.0,0.7450971114850305,0.8201391644032106,98.0,37.0,CLEAN
2310,18480.0,0.7156825642173513,0.8318735312967315,98.0,37.0,CLEAN
2311,18488.0,0.6705965828174644,0.8435926389355144,98.0,37.0,CLEAN
2312,18496.0,0.60980855901558,0.8543504135258034,98.0,37.0,CLEAN
2313,18504.0,0.5353080303480138,0.8651081881160924,98.0,37.0,CLEAN
2314,18512.0,0.4745200065461294,0.8778038880581073,98.0,37.0,CLEAN
2315,18520.0,0.4156909120107711,0.8895382549516282,98.0,37.0,CLEAN
2316,18528.0,0.3588207467419387,0.902249214148381,98.0,37.0,CLEAN
2317,18536.0,0.3235294116746816,0.9149601733451338,98.0,37.0,CLEAN
2318,18544.0,0.29411486440700235,0.9266792809839167,98.0,37.0,CLEAN
2319,18552.0,0.2784434302747945,0.9393902401806695,98.0,37.0,CLEAN
2320,18560.0,0.26861817567237517,0.9501480147709586,98.0,37.0,CLEAN
2321,18568.0,0.27449496347195307,0.9618823816644795,98.0,37.0,CLEAN
2322,18576.0,0.26861817567237517,0.9736014893032624,98.0,37.0,CLEAN
2323,18584.0,0.27449496347195307,0.9863124485000152,98.0,37.0,CLEAN
2324,18592.0,0.28432021807437247,0.9931638538773766,98.0,37.0,CLEAN
2325,18600.0,0.28432021807437247,1.0,98.0,37.0,CLEAN
2326,18608.0,0.2999916522065803,1.0,98.0,37.0,CLEAN
2327,18616.0,0.3098169068089997,1.0,98.0,37.0,CLEAN
2328,18624.0,0.31373476534205164,1.0,98.0,37.0,CLEAN
2329,18632.0,0.3196115531416296,1.0,98.0,37.0,CLEAN
2330,18640.0,0.3235294116746816,1.0,98.0,37.0,CLEAN
2331,18648.0,0.3294061994742595,1.0,98.0,37.0,CLEAN
2332,18656.0,0.33528298727383743,1.0,98.0,37.0,CLEAN
2333,18664.0,0.3392008458068894,1.0,98.0,37.0,CLEAN
2334,18672.0,0.33528298727383743,1.0,98.0,37.0,CLEAN
2335,18680.0,0.3392008458068894,1.0,98.0,37.0,CLEAN
2336,18688.0,0.3392008458068894,1.0,98.0,37.0,CLEAN
2337,18696.0,0.3392008458068894,1.0,98.0,37.0,CLEAN
2338,18704.0,0.3392008458068894,1.0,98.0,37.0,CLEAN
2339,18712.0,0.3549028882088867,1.0,98.0,37.0,CLEAN
2340,18720.0,0.37057432234109455,1.0,98.0,37.0,CLEAN
2341,18728.0,0.374522789143936,1.0,98.0,37.0,CLEAN
2342,18736.0,0.3646975345415166,1.0,98.0,37.0,CLEAN
2343,18744.0,0.3588207467419387,1.0,98.0,37.0,CLEAN
2344,18752.0,0.34902610040930876,1.0,98.0,37.0,CLEAN
2345,18760.0,0.3294061994742595,1.0,98.0,37.0,CLEAN
2346,18768.0,0.33528298727383743,1.0,98.0,37.0,CLEAN
2347,18776.0,0.3235294116746816,1.0,98.0,37.0,CLEAN
2348,18784.0,0.3294061994742595,1.0,98.0,37.0,CLEAN
2349,18792.0,0.3196115531416296,1.0,98.0,37.0,CLEAN
2350,18800.0,0.3196115531416296,1.0,98.0,37.0,CLEAN
2351,18808.0,0.31373476534205164,1.0,98.0,37.0,CLEAN
2352,18816.0,0.3098169068089997,1.0,98.0,37.0,CLEAN
2353,18824.0,0.3196115531416296,1.0,98.0,37.0,CLEAN
2354,18832.0,0.3294061994742595,1.0,98.0,37.0,CLEAN
2355,18840.0,0.33528298727383743,1.0,98.0,37.0,CLEAN
2356,18848.0,0.28432021807437247,1.0,98.0,37.0,CLEAN
2357,18856.0,0.26861817567237517,1.0,98.0,37.0,CLEAN
2358,18864.0,0.8960877063564784,1.0,98.0,37.0,CLEAN
2359,18872.0,1.503906727835743,1.0,98.0,37.0,CLEAN
2360,18880.0,1.503906727835743,1.0,98.0,37.0,CLEAN
2361,18888.0,1.1117535752930732,1.0,98.0,37.0,CLEAN
2362,18896.0,0.42940341687645295,1.0,98.0,37.0,CLEAN
2363,18904.0,0.374522789143936,1.0,98.0,37.0,CLEAN
2364,18912.0,0.4039067281418257,1.0,98.0,37.0,CLEAN
2365,18920.0,0.3588207467419387,1.0,98.0,37.0,CLEAN
2366,18928.0,0.3451082418762568,1.0,98.0,37.0,CLEAN
2367,18936.0,0.33528298727383743,1.0,98.0,37.0,CLEAN
2368,18944.0,0.3451082418762568,0.9843592638935514,98.0,37.0,CLEAN
2369,18952.0,0.3588207467419387,0.9687185277871029,98.0,37.0,CLEAN
2370,18960.0,0.3646975345415166,0.9481948301644948,98.0,37.0,CLEAN
2371,18968.0,0.3843174354765659,0.9276711325418866,98.0,37.0,CLEAN
2372,18976.0,0.3646975345415166,0.9071321756645405,98.0,37.0,CLEAN
2373,18984.0,0.3646975345415166,0.8866084780419324,98.0,37.0,CLEAN
2374,18992.0,0.38039957694351395,0.8641315958128605,98.0,37.0,CLEAN
2375,19000.0,0.3999888696087737,0.8416394543290505,98.0,37.0,CLEAN
2376,19008.0,0.4098141242111931,0.8181859797967467,98.0,37.0,CLEAN
2377,19016.0,0.42548555834340096,0.7947172460097048,98.0,37.0,CLEAN
2378,19024.0,0.44510545927845024,0.7732169560838649,98.0,37.0,CLEAN
2379,19032.0,0.4706021480130775,0.7526932584612568,98.0,37.0,CLEAN
2380,19040.0,0.4999860870109672,0.7331308938871426,98.0,37.0,CLEAN
2381,19048.0,0.5451026766806437,0.7145603808709983,98.0,37.0,CLEAN
2382,19056.0,0.5960654458801087,0.695989867854854,98.0,37.0,CLEAN
2383,19064.0,0.6509766818824151,0.6774193548387096,98.0,37.0,CLEAN
2384,19072.0,0.6960932715520916,0.6588488418225654,98.0,37.0,CLEAN
2385,19080.0,0.7254772105499813,0.641254921109653,98.0,37.0,CLEAN
2386,19088.0,0.7509738992846084,0.6246375926999725,98.0,37.0,CLEAN
2387,19096.0,0.7548917578176605,0.608996856593524,98.0,37.0,CLEAN
2388,19104.0,0.7450971114850305,0.5953093050935392,98.0,37.0,CLEAN
2389,19112.0,0.7313846066193487,0.5816217535935545,98.0,37.0,CLEAN
2390,19120.0,0.7000111300851435,0.5698873867000336,98.0,37.0,CLEAN
2391,19128.0,0.6509766818824151,0.5581682790612507,98.0,37.0,CLEAN
2392,19136.0,0.5901886580805307,0.5483870967741935,98.0,37.0,CLEAN
2393,19144.0,0.5509794644802216,0.5395825067903683,98.0,37.0,CLEAN
2394,19152.0,0.5058934830803345,0.5317697683645131,98.0,37.0,CLEAN
2395,19160.0,0.44902331781150223,0.5249336222418897,98.0,37.0,CLEAN
2396,19168.0,0.4156909120107711,0.5190588091677603,98.0,37.0,CLEAN
2397,19176.0,0.38039957694351395,0.5131992553483687,98.0,37.0,CLEAN
2398,19184.0,0.3588207467419387,0.5083162938322092,98.0,37.0,CLEAN
2399,19192.0,0.34902610040930876,0.5043946653645436,98.0,37.0,CLEAN
2400,19200.0,0.3392008458068894,0.5004882961516159,98.0,37.0,CLEAN
2401,19208.0,0.34902610040930876,0.4965819269386883,98.0,37.0,CLEAN
2402,19216.0,0.3549028882088867,0.49267555772576066,98.0,37.0,CLEAN
2403,19224.0,0.3646975345415166,0.488753929258095,98.0,37.0,CLEAN
2404,19232.0,0.34902610040930876,0.4838709677419355,98.0,37.0,CLEAN
2405,19240.0,0.37057432234109455,0.47996459852900786,98.0,37.0,CLEAN
2406,19248.0,0.374522789143936,0.4740897854548784,98.0,37.0,CLEAN
2407,19256.0,0.38039957694351395,0.4692068239387188,98.0,37.0,CLEAN
2408,19264.0,0.38039957694351395,0.46334727011932736,98.0,37.0,CLEAN
2409,19272.0,0.3843174354765659,0.4574724570451979,98.0,37.0,CLEAN
2410,19280.0,0.38039957694351395,0.45161290322580644,98.0,37.0,CLEAN
2411,19288.0,0.3941120818091958,0.445753349406415,98.0,37.0,CLEAN
2412,19296.0,0.39019422327614384,0.43890194402905364,98.0,37.0,CLEAN
2413,19304.0,0.39019422327614384,0.43206579790643024,98.0,37.0,CLEAN
2414,19312.0,0.3999888696087737,0.4232612079226051,98.0,37.0,CLEAN
2415,19320.0,0.38039957694351395,0.41447187719351786,98.0,37.0,CLEAN
2416,19328.0,0.39019422327614384,0.40469069490646076,98.0,37.0,CLEAN
2417,19336.0,0.39019422327614384,0.39490951261940366,98.0,37.0,CLEAN
2418,19344.0,0.37057432234109455,0.38514358958708456,98.0,37.0,CLEAN
2419,19352.0,0.3843174354765659,0.37536240730002746,98.0,37.0,CLEAN
2420,19360.0,0.4039067281418257,0.3665730765709403,98.0,37.0,CLEAN
2421,19368.0,0.4156909120107711,0.3577684865871151,98.0,37.0,CLEAN
2422,19376.0,0.4156909120107711,0.3489791558580279,98.0,37.0,CLEAN
2423,19384.0,0.4039067281418257,0.3401745658742027,98.0,37.0,CLEAN
2424,19392.0,0.3843174354765659,0.33138523514511553,98.0,37.0,CLEAN
2425,19400.0,0.37057432234109455,0.32355723746452225,98.0,37.0,CLEAN
2426,19408.0,0.3646975345415166,0.31672109134189885,98.0,37.0,CLEAN
2427,19416.0,0.374522789143936,0.3108462782677694,98.0,37.0,CLEAN
2428,19424.0,0.3843174354765659,0.30596331675160987,98.0,37.0,CLEAN
2429,19432.0,0.39019422327614384,0.3010803552354503,98.0,37.0,CLEAN
2430,19440.0,0.374522789143936,0.29715872676778465,98.0,37.0,CLEAN
2431,19448.0,0.3588207467419387,0.29422894985808895,98.0,37.0,CLEAN
2432,19456.0,0.3549028882088867,0.29227576525162513,98.0,37.0,CLEAN
2433,19464.0,0.3451082418762568,0.2912991729483932,98.0,37.0,CLEAN
2434,19472.0,0.34902610040930876,0.2912991729483932,98.0,37.0,CLEAN
2435,19480.0,0.34902610040930876,0.2912991729483932,98.0,37.0,CLEAN
2436,19488.0,0.2999916522065803,0.293252357554857,98.0,37.0,CLEAN
2437,19496.0,0.2647003171393232,0.29520554216132083,98.0,37.0,CLEAN
2438,19504.0,0.8568479044863799,0.29715872676778465,98.0,37.0,CLEAN
2439,19512.0,1.503906727835743,0.29912717062898647,98.0,37.0,CLEAN
2440,19520.0,1.503906727835743,0.3010803552354503,98.0,37.0,CLEAN
2441,19528.0,1.1313734762281225,0.3030335398419141,98.0,37.0,CLEAN
2442,19536.0,0.49019144067833725,0.30498672444837793,98.0,37.0,CLEAN
2443,19544.0,0.42940341687645295,0.30693990905484175,98.0,37.0,CLEAN
2444,19552.0,0.4098141242111931,0.3088930936613056,98.0,37.0,CLEAN
2445,19560.0,0.374522789143936,0.3108462782677694,98.0,37.0,CLEAN
2446,19568.0,0.3588207467419387,0.3108462782677694,98.0,37.0,CLEAN
2447,19576.0,0.3451082418762568,0.3108462782677694,98.0,37.0,CLEAN
2448,19584.0,0.3392008458068894,0.3088930936613056,98.0,37.0,CLEAN
2449,19592.0,0.3646975345415166,0.30693990905484175,98.0,37.0,CLEAN
2450,19600.0,0.374522789143936,0.30401013214514605,98.0,37.0,CLEAN
2451,19608.0,0.3646975345415166,0.30205694753868223,98.0,37.0,CLEAN
2452,19616.0,0.39019422327614384,0.2981353190710166,98.0,37.0,CLEAN
2453,19624.0,0.3843174354765659,0.29520554216132083,98.0,37.0,CLEAN
2454,19632.0,0.3941120818091958,0.2912991729483932,98.0,37.0,CLEAN
2455,19640.0,0.4039067281418257,0.28739280373546555,98.0,37.0,CLEAN
2456,19648.0,0.42548555834340096,0.28250984221930603,98.0,37.0,CLEAN
2457,19656.0,0.4392286714788723,0.27761162144840845,98.0,37.0,CLEAN
2458,19664.0,0.4607768934106581,0.27272865993224893,98.0,37.0,CLEAN
2459,19672.0,0.4706021480130775,0.26784569841608935,98.0,37.0,CLEAN
2460,19680.0,0.4999860870109672,0.26294747764519183,98.0,37.0,CLEAN
2461,19688.0,0.5392258888810657,0.25806451612903225,98.0,37.0,CLEAN
2462,19696.0,0.5745172239483228,0.25318155461287273,98.0,37.0,CLEAN
2463,19704.0,0.6254799931477878,0.24925992614520706,98.0,37.0,CLEAN
2464,19712.0,0.6647197950178864,0.2443769646290475,98.0,37.0,CLEAN
2465,19720.0,0.7058879178847215,0.24047059541611987,98.0,37.0,CLEAN
2466,19728.0,0.7313846066193487,0.23656422620319223,98.0,37.0,CLEAN
2467,19736.0,0.7313846066193487,0.2336191900387585,98.0,37.0,CLEAN
2468,19744.0,0.7313846066193487,0.23068941312906277,98.0,37.0,CLEAN
2469,19752.0,0.7254772105499813,0.22873622852259895,98.0,37.0,CLEAN
2470,19760.0,0.6960932715520916,0.22678304391613513,98.0,37.0,CLEAN
2471,19768.0,0.654894540415467,0.2248298593096713,98.0,37.0,CLEAN
2472,19776.0,0.605890700482528,0.2238532670064394,98.0,37.0,CLEAN
2473,19784.0,0.5509794644802216,0.2228766747032075,98.0,37.0,CLEAN
2474,19792.0,0.5098113416133866,0.22190008239997558,98.0,37.0,CLEAN
2475,19800.0,0.4706021480130775,0.22092349009674367,98.0,37.0,CLEAN
2476,19808.0,0.42940341687645295,0.22092349009674367,98.0,37.0,CLEAN
2477,19816.0,0.3999888696087737,0.21994689779351176,98.0,37.0,CLEAN
2478,19824.0,0.38039957694351395,0.21994689779351176,98.0,37.0,CLEAN
2479,19832.0,0.38039957694351395,0.21994689779351176,98.0,37.0,CLEAN
2480,19840.0,0.374522789143936,0.21897030549027985,98.0,37.0,CLEAN
2481,19848.0,0.374522789143936,0.21897030549027985,98.0,37.0,CLEAN
2482,19856.0,0.3843174354765659,0.21799371318704794,98.0,37.0,CLEAN
2483,19864.0,0.3941120818091958,0.21700186162907803,98.0,37.0,CLEAN
2484,19872.0,0.4039067281418257,0.2150486770226142,98.0,37.0,CLEAN
2485,19880.0,0.4039067281418257,0.2130954924161504,98.0,37.0,CLEAN
2486,19888.0,0.419608770543823,0.20918912320322275,98.0,37.0,CLEAN
2487,19896.0,0.42548555834340096,0.2052827539902951,98.0,37.0,CLEAN
2488,19904.0,0.4392286714788723,0.20038453321939756,98.0,37.0,CLEAN
2489,19912.0,0.44902331781150223,0.195501571703238,98.0,37.0,CLEAN
2490,19920.0,0.45490010561108013,0.18964201788384655,98.0,37.0,CLEAN
2491,19928.0,0.44902331781150223,0.184743797112949,98.0,37.0,CLEAN
2492,19936.0,0.45490010561108013,0.17986083559678945,98.0,37.0,CLEAN
2493,19944.0,0.44902331781150223,0.1749778740806299,98.0,37.0,CLEAN
2494,19952.0,0.46469475194371007,0.16812646870326853,98.0,37.0,CLEAN
2495,19960.0,0.44902331781150223,0.16129032258064516,98.0,37.0,CLEAN
2496,19968.0,0.4392286714788723,0.15248573259681997,98.0,37.0,CLEAN
2497,19976.0,0.42940341687645295,0.14467299417096469,98.0,37.0,CLEAN
2498,19984.0,0.42548555834340096,0.1368449964903714,98.0,37.0,CLEAN
2499,19992.0,0.4352802046760309,0.12903225806451613,98.0,37.0,CLEAN
